GP,MIN,PTS,FGM,FGA,FG%,3P Made,3PA,FTM,FTA,FT%,OREB,DREB,REB,AST,STL,BLK,TOV,TARGET_5Yrs
36,274,74,26,76,347,5,21,16,23,699,7,34,41,19,4,4,13,0
35,269,72,20,67,296,7,28,26,34,765,5,20,24,37,11,5,16,0
74,153,52,20,47,422,4,17,9,13,670,5,17,22,1,5,3,1,0
58,116,57,23,55,426,1,5,9,13,689,1,9,19,8,6,1,1,1
48,115,45,16,30,524,0,1,13,19,674,1,15,25,3,3,4,8,1
75,114,37,15,35,423,3,11,4,5,732,2,7,8,18,4,0,7,0
62,109,66,25,58,435,0,1,15,18,811,5,14,20,6,2,1,7,1
48,103,57,23,54,415,4,15,7,8,875,8,9,17,2,2,1,7,1
65,99,24,1,24,392,1,5,4,5,714,2,6,8,23,3,0,11,0
42,85,37,14,35,383,1,3,1,14,678,4,7,11,3,2,0,7,0
35,69,23,9,24,365,0,1,5,6,818,5,3,9,7,1,1,3,0
40,67,36,12,30,398,1,6,11,15,776,5,8,12,4,3,1,6,1
27,66,13,6,13,472,0,0,1,3,286,6,14,20,2,2,6,3,1
45,153,56,19,60,323,11,36,7,8,861,5,16,20,5,5,3,5,0
44,64,24,1,19,537,0,0,4,7,500,4,1,14,2,2,4,6,1
40,61,26,9,18,514,1,4,7,1,684,1,3,4,14,3,0,8,1
49,53,21,7,19,376,0,0,7,11,642,5,7,12,2,3,2,5,0
41,42,17,6,16,348,1,3,5,6,731,1,2,3,1,3,0,4,0
82,372,192,75,153,490,1,3,41,50,829,39,70,110,36,1,6,19,0
82,372,192,75,153,490,1,3,41,50,829,39,70,110,36,1,6,19,1
80,314,143,59,111,525,0,1,26,39,654,30,50,80,24,11,8,22,1
82,305,133,54,110,489,0,1,26,39,666,23,28,51,25,15,3,22,1
76,303,106,44,117,375,1,4,18,24,730,11,18,29,22,20,2,20,1
61,296,120,49,107,454,7,20,16,21,748,13,18,31,46,1,3,25,0
32,152,63,28,52,533,0,1,8,13,625,17,35,52,4,5,5,1,0
76,293,104,40,78,514,0,0,25,31,807,24,35,59,16,7,6,15,1
52,246,93,31,68,451,11,26,21,25,836,5,14,19,37,6,0,18,0
76,225,88,38,92,415,0,1,12,16,736,17,34,51,17,8,5,13,1
78,220,101,39,87,447,7,18,16,22,741,9,20,30,22,12,3,12,0
51,207,84,32,64,497,0,0,20,29,667,23,31,54,8,5,5,15,1
64,203,62,24,44,552,0,0,14,24,572,25,39,64,5,4,12,8,1
55,203,104,43,81,529,0,0,18,36,515,21,41,61,7,4,15,14,1
82,196,74,31,73,419,0,3,12,15,806,6,14,20,39,1,3,17,1
48,189,91,36,68,528,0,0,20,30,669,24,33,57,7,8,11,18,1
34,134,43,15,50,302,4,19,9,1,912,1,13,14,31,6,2,1,0
42,186,85,31,77,400,7,20,15,19,833,7,12,20,11,8,1,11,1
82,184,55,20,53,370,1,7,14,19,741,4,13,17,38,7,1,12,1
64,170,70,29,75,390,0,2,11,15,745,6,14,20,32,11,1,15,1
80,169,74,30,57,529,0,0,13,19,691,13,29,42,4,6,8,11,1
77,151,56,23,49,467,0,2,11,13,810,14,25,38,4,3,6,9,1
55,149,41,17,41,417,1,1,6,8,761,5,1,15,15,7,2,8,0
48,148,51,21,51,407,0,4,9,12,804,6,11,17,21,9,0,13,0
51,145,50,15,38,399,2,7,18,20,875,4,12,15,28,9,0,14,0
51,132,39,16,41,402,2,6,4,5,769,6,15,21,8,3,2,7,0
72,124,46,16,38,423,0,1,14,18,803,4,9,13,19,6,1,13,1
69,118,36,16,36,452,0,0,3,4,821,11,16,27,6,5,3,6,1
54,113,57,22,38,568,0,1,13,20,661,14,20,34,3,6,7,8,1
24,106,41,13,41,303,6,17,1,15,667,1,5,7,15,7,1,13,0
50,96,41,15,37,415,1,5,9,12,754,4,7,11,18,6,1,1,1
56,96,34,14,30,456,0,1,7,1,655,5,8,12,11,6,2,8,1
67,90,37,14,36,388,4,13,5,7,756,1,6,7,14,4,1,1,0
50,87,25,1,26,380,0,1,5,8,659,3,5,8,16,7,1,1,1
45,85,27,11,22,475,0,0,5,7,750,7,8,15,3,2,2,6,1
38,82,34,14,38,368,2,7,5,6,826,3,6,9,7,3,1,6,0
42,82,28,1,23,439,0,0,7,14,525,9,1,19,3,1,1,8,0
54,82,32,13,28,456,1,3,6,8,744,7,6,13,6,2,1,5,0
35,73,40,18,45,392,1,3,4,8,536,6,6,12,6,4,2,8,0
37,73,28,12,26,443,1,3,5,6,810,4,7,11,3,2,1,5,0
46,67,26,11,25,431,2,8,2,4,526,4,4,8,5,2,0,3,0
51,64,22,8,22,384,3,6,3,4,833,3,5,8,3,1,0,3,0
40,53,22,7,18,380,0,0,9,11,756,5,7,12,3,1,1,5,0
19,48,16,7,19,378,0,1,2,4,375,6,4,1,4,3,2,3,0
36,43,13,5,14,353,1,5,3,4,667,2,4,6,6,1,0,5,0
79,377,180,69,165,422,0,1,41,55,736,24,64,88,40,14,11,29,1
55,131,34,12,39,304,4,19,6,9,745,4,8,12,5,7,1,7,0
74,352,184,69,149,467,2,5,44,60,731,36,66,103,22,1,13,29,1
64,335,143,46,113,406,11,31,40,52,770,8,19,28,40,13,2,25,0
82,285,157,61,144,425,15,41,19,25,750,8,21,29,16,8,3,16,1
82,274,72,32,70,450,0,2,8,12,711,13,16,30,64,20,2,22,1
81,259,71,24,47,512,0,0,22,31,722,34,46,79,3,6,15,9,1
76,254,120,45,102,441,1,4,30,39,782,15,20,34,14,9,3,19,1
82,237,87,35,75,464,1,4,17,19,873,5,17,22,42,1,2,17,0
82,237,87,35,75,464,1,4,17,19,873,5,17,22,42,1,2,17,1
49,92,19,7,20,327,1,6,5,8,649,2,7,8,17,5,1,6,0
49,92,19,7,20,327,1,6,5,8,649,2,7,8,17,5,1,6,1
82,237,110,46,102,450,0,2,19,22,835,13,19,32,37,13,5,20,1
76,226,69,28,54,508,0,0,14,22,636,19,33,51,9,6,19,13,1
67,225,141,62,151,413,4,15,13,15,857,5,13,18,31,8,1,16,1
70,206,88,36,82,439,0,4,16,22,707,9,12,21,25,4,2,16,0
81,205,86,34,79,428,3,1,15,19,816,12,23,35,18,5,3,15,1
33,195,72,24,48,497,1,3,23,27,843,14,19,33,14,6,3,9,1
58,193,53,20,49,417,0,1,12,22,550,23,33,56,4,6,12,9,0
70,169,72,30,72,419,1,3,11,13,796,5,11,17,13,3,1,1,0
82,165,49,20,48,412,1,4,9,12,747,7,12,19,28,8,1,12,1
62,162,69,26,67,380,3,1,15,19,773,7,12,19,12,5,1,12,0
78,161,62,26,60,425,0,1,11,17,672,15,28,43,4,2,3,14,0
73,161,55,24,49,487,0,0,7,1,662,17,31,48,5,3,3,7,1
74,161,53,20,40,492,0,0,13,21,632,21,31,52,3,5,4,1,1
76,154,67,28,68,421,2,8,8,12,630,15,14,29,8,6,3,9,0
55,149,57,24,52,465,0,1,9,12,712,15,27,42,6,6,5,8,1
47,143,56,23,51,446,0,2,1,17,588,4,11,15,28,7,2,16,0
37,136,81,30,69,441,6,16,14,19,722,7,14,21,9,4,1,1,1
62,133,43,17,37,465,0,0,9,14,644,8,19,27,6,2,2,1,0
62,125,39,14,37,384,1,5,1,12,805,3,8,1,13,5,1,9,0
51,119,69,29,67,438,0,3,1,15,684,11,9,20,8,6,2,8,0
36,118,39,17,42,413,0,0,4,8,556,8,6,14,1,4,0,8,1
74,116,31,13,31,416,0,1,6,9,652,8,11,19,7,5,2,3,1
63,116,82,32,67,487,0,1,17,26,663,12,12,24,6,3,1,11,1
33,108,22,9,27,348,1,3,3,4,643,2,20,22,8,5,2,3,0
54,112,44,18,39,460,0,1,8,11,689,1,18,28,7,2,4,8,1
73,110,38,15,37,408,1,2,7,1,732,2,8,11,12,5,1,7,0
15,109,36,13,31,404,0,1,11,16,667,8,22,30,2,3,3,7,0
64,109,37,15,34,441,0,1,6,9,702,4,7,11,21,4,2,11,1
56,106,34,14,34,415,0,0,6,7,800,3,5,8,19,5,1,8,0
64,106,32,12,30,391,0,0,9,12,696,4,8,12,1,3,1,8,0
68,101,31,12,28,418,3,8,6,6,905,2,5,8,19,5,0,6,1
47,100,29,11,26,403,3,7,5,7,758,7,7,14,7,3,0,5,0
52,98,35,14,31,447,0,0,7,11,661,8,13,21,3,2,1,8,1
64,95,37,15,38,400,1,3,5,7,778,5,5,1,4,3,2,5,0
34,108,29,13,35,367,0,0,4,8,444,8,11,19,5,1,1,7,0
42,95,38,16,37,439,0,0,5,1,550,7,22,29,4,1,7,8,1
50,93,45,19,42,458,1,4,6,7,848,4,9,13,7,2,0,1,1
52,73,28,11,24,455,0,0,6,9,653,8,11,18,2,2,7,3,1
75,70,29,12,24,520,0,0,5,7,680,7,1,17,4,1,4,6,0
39,68,22,9,21,420,2,6,3,6,480,8,1,17,5,4,3,3,1
51,66,25,1,20,510,0,0,4,5,714,8,11,19,3,2,3,5,1
52,62,13,5,14,373,0,0,2,4,545,8,7,15,1,1,1,1,0
39,58,15,5,1,513,0,0,5,5,905,5,6,12,2,1,1,1,1
82,366,243,84,159,531,0,0,75,102,732,37,83,120,20,17,39,31,1
31,107,34,12,33,353,5,21,5,9,552,3,11,14,4,3,1,2,0
79,337,147,59,125,471,3,11,27,35,764,7,32,39,87,21,1,33,0
79,337,147,59,125,471,3,11,27,35,764,7,32,39,87,21,1,33,1
82,336,111,44,99,440,0,1,23,35,664,24,60,84,12,11,7,21,1
82,315,114,52,113,461,3,1,8,13,589,7,20,26,68,16,3,17,1
81,305,143,57,116,494,1,4,28,40,687,9,17,25,76,18,1,30,1
80,302,127,47,104,446,0,1,34,44,768,23,35,58,11,8,7,12,1
77,300,136,61,139,439,2,9,12,16,734,13,33,46,18,9,3,15,1
77,300,136,61,139,439,2,9,12,16,734,13,33,46,18,9,3,15,0
50,253,101,42,114,371,4,16,13,16,778,8,20,28,42,16,3,22,1
81,251,100,38,80,481,0,1,23,27,866,16,21,37,19,6,2,14,1
82,230,89,35,69,507,1,4,18,25,719,8,22,31,18,9,4,19,1
50,106,37,15,33,449,0,3,6,11,574,9,20,29,3,2,4,4,0
81,220,115,46,93,494,0,2,23,33,705,13,26,39,15,8,4,17,1
82,217,89,33,65,504,0,0,24,33,727,21,26,47,11,5,7,14,1
81,201,97,37,91,405,12,29,11,14,809,4,12,16,25,7,0,15,1
69,196,63,25,60,411,0,2,13,19,705,11,12,23,6,6,2,7,0
82,191,91,36,92,397,1,5,17,31,550,13,24,38,9,7,7,16,1
55,180,61,25,52,479,0,0,12,17,667,15,19,34,1,4,2,11,0
75,179,73,28,60,470,0,1,17,22,762,11,20,31,7,4,3,9,1
72,170,87,32,65,497,0,0,23,32,722,26,24,50,6,3,2,7,0
79,168,80,32,65,486,0,2,16,22,747,6,13,19,15,7,2,12,1
25,104,33,12,30,395,2,5,7,1,692,11,23,34,2,2,4,4,0
81,159,56,23,48,485,0,1,9,1,885,2,1,13,25,6,1,1,1
63,140,47,19,42,466,0,0,9,14,621,15,22,36,4,4,4,11,1
81,138,65,25,52,479,0,1,14,20,736,18,25,43,3,6,9,13,1
61,132,53,21,48,437,0,0,1,16,643,1,18,28,8,2,2,8,1
43,130,46,20,50,406,1,5,4,6,680,2,1,12,19,3,1,8,0
55,129,43,17,46,369,0,3,9,16,562,14,17,31,4,4,1,8,1
59,124,41,16,29,547,0,1,9,14,671,7,14,21,6,6,2,5,0
66,113,59,18,39,459,0,0,23,30,777,1,1,21,7,5,1,12,1
70,345,167,61,151,405,8,30,37,52,703,14,48,62,63,19,6,35,0
77,110,35,14,34,429,2,7,5,7,660,2,6,7,23,3,0,11,0
37,109,39,13,44,298,2,8,12,17,694,2,7,9,18,5,1,14,0
67,101,31,12,32,384,0,2,6,9,661,2,6,9,25,5,0,11,1
42,98,19,9,20,430,0,0,2,3,500,1,18,29,5,2,3,4,0
50,98,52,19,41,473,1,3,12,18,670,6,9,15,9,6,0,8,0
65,95,50,21,44,476,0,4,8,1,828,6,9,15,12,1,0,8,0
65,95,50,21,44,476,0,4,8,1,828,6,9,15,12,1,0,8,1
82,212,69,27,50,542,0,0,15,32,485,21,38,59,8,7,6,13,0
82,212,69,27,50,542,0,0,15,32,485,21,38,59,8,7,6,13,1
44,94,27,1,33,313,3,9,3,4,789,3,7,1,1,4,1,8,1
36,88,43,16,34,475,0,1,11,18,615,6,8,14,6,5,2,7,0
60,87,29,1,22,444,0,1,9,13,697,2,9,12,17,6,1,6,1
60,87,29,1,22,444,0,1,9,13,697,2,9,12,17,6,1,6,1
60,87,29,1,22,444,0,1,9,13,697,2,9,12,17,6,1,6,0
71,304,163,61,124,495,0,0,40,55,725,24,41,65,15,1,13,21,1
71,304,163,61,124,495,0,0,40,55,725,24,41,65,15,1,13,21,1
71,304,163,61,124,495,0,0,40,55,725,24,41,65,15,1,13,21,0
34,86,35,14,37,392,4,14,2,3,545,4,4,8,6,3,2,8,1
34,86,35,14,37,392,4,14,2,3,545,4,4,8,6,3,2,8,1
34,86,35,14,37,392,4,14,2,3,545,4,4,8,6,3,2,8,0
45,83,45,18,36,494,0,1,9,15,609,13,11,24,4,2,1,9,0
70,323,128,49,128,380,16,48,15,16,903,5,24,30,57,6,1,19,0
57,77,20,7,20,368,1,4,4,7,615,4,8,12,4,3,1,4,0
52,73,26,1,26,393,1,2,5,6,813,5,9,13,3,2,1,6,1
51,65,19,8,15,553,0,0,3,5,464,7,14,21,1,2,3,6,1
35,62,33,13,31,435,1,3,5,5,889,3,4,7,3,2,2,6,0
48,57,11,4,18,238,0,1,3,4,765,2,4,6,13,3,0,5,0
21,49,7,3,9,333,0,0,1,3,500,2,9,11,1,1,3,1,0
36,43,20,6,19,338,1,2,7,8,800,2,4,6,3,1,0,6,0
21,41,22,9,23,375,0,2,4,6,692,6,5,11,0,1,4,3,0
79,344,220,82,175,468,4,11,52,64,810,20,39,59,42,1,2,34,1
81,338,186,79,159,498,0,3,28,36,775,19,33,51,46,19,8,32,1
80,311,138,49,117,419,9,28,31,40,780,5,36,41,41,16,5,32,0
79,326,151,56,123,455,9,21,31,37,831,6,22,28,30,15,5,20,1
79,297,138,59,140,425,1,5,18,24,746,11,22,33,44,18,3,31,1
82,297,119,41,84,486,0,1,37,50,749,29,37,67,18,15,6,25,1
75,296,169,70,169,414,8,25,21,26,795,1,15,25,23,9,3,15,1
82,281,86,36,84,433,0,2,13,16,826,15,31,46,58,9,3,23,1
76,276,141,54,119,457,8,23,24,33,717,25,28,52,16,13,8,25,1
71,271,119,51,117,435,1,3,17,23,735,11,22,34,71,20,1,36,1
79,261,117,45,105,432,4,16,23,31,745,6,19,26,38,11,1,23,1
82,267,88,31,83,376,12,36,14,17,804,6,22,29,1,6,2,12,0
54,251,86,34,80,419,5,15,14,24,614,11,27,39,24,12,3,9,1
55,222,80,30,72,420,0,1,19,28,673,21,31,52,21,7,5,19,0
64,220,110,40,89,450,1,25,20,26,789,9,22,31,13,6,3,13,0
71,211,64,25,51,490,0,2,14,18,803,5,17,22,34,11,1,16,0
36,203,57,20,49,417,0,2,16,23,695,12,13,25,43,12,1,23,0
65,185,74,29,58,501,0,1,15,27,571,18,27,45,1,1,3,12,0
80,195,71,30,63,475,1,3,11,13,850,6,15,21,26,8,2,1,1
32,193,68,31,66,467,1,5,6,8,692,3,12,15,37,8,1,17,0
81,190,93,34,78,437,1,3,24,30,783,14,18,32,1,6,1,17,0
80,182,115,40,92,434,1,5,34,43,786,13,1,23,15,5,1,16,1
71,168,56,25,55,464,0,0,5,8,596,11,12,23,11,5,4,4,1
81,168,89,33,70,467,2,7,21,29,745,6,13,20,39,12,0,18,1
82,167,52,19,45,420,7,19,7,8,884,2,9,11,37,8,0,8,1
24,147,51,18,40,443,0,0,15,27,578,8,13,21,9,7,1,14,0
65,145,55,19,38,488,0,0,18,26,689,15,21,36,3,2,2,7,0
56,143,50,21,44,486,0,0,7,12,580,12,20,32,6,4,1,7,1
36,70,16,7,16,431,0,0,3,4,692,7,12,19,2,1,1,3,1
51,134,48,18,41,445,0,0,11,16,725,6,16,22,8,4,3,9,0
75,104,43,16,29,545,0,0,11,15,699,6,20,27,2,1,3,9,1
54,102,48,20,47,426,0,1,8,21,384,16,21,37,11,4,1,9,1
62,99,41,17,32,537,0,1,6,1,615,1,11,21,3,3,5,6,1
82,95,17,5,16,301,0,2,7,9,781,3,8,11,26,3,1,11,1
53,94,22,8,23,366,2,6,3,4,609,1,4,5,22,5,1,1,0
47,94,29,1,26,402,0,1,7,9,833,3,6,9,23,5,2,13,0
36,88,41,14,35,408,3,7,9,14,654,4,7,11,8,6,1,11,1
62,85,26,1,19,513,0,0,6,1,650,9,15,24,1,3,8,5,1
37,83,35,14,28,490,0,0,8,12,674,5,7,13,5,5,2,5,0
60,81,31,14,28,494,0,0,4,7,500,8,17,26,4,3,3,5,1
51,80,22,9,22,404,1,5,3,3,813,3,7,9,15,5,1,7,1
42,79,40,18,41,430,0,2,5,7,690,5,8,13,5,3,1,5,1
33,78,38,15,31,480,0,3,8,1,824,5,6,11,4,4,1,4,1
33,78,38,15,31,480,0,3,8,1,824,5,6,11,4,4,1,4,0
57,100,33,1,26,369,1,2,13,20,638,1,12,22,8,7,4,12,1
57,100,33,1,26,369,1,2,13,20,638,1,12,22,8,7,4,12,0
24,174,53,21,51,418,4,17,6,1,600,3,16,18,8,1,4,11,0
77,226,60,22,48,460,9,22,7,9,712,9,23,32,9,7,2,8,0
72,73,25,8,20,415,0,1,8,11,738,7,6,13,6,3,0,5,0
49,73,26,1,26,364,0,2,6,1,660,2,4,6,14,3,1,9,1
46,68,33,14,27,504,0,1,5,7,706,6,6,11,4,3,1,7,0
43,68,16,7,19,349,0,2,2,4,563,3,3,6,17,5,1,4,1
35,60,19,7,21,319,1,3,5,6,773,3,3,7,11,3,1,8,0
51,57,22,7,15,474,0,0,7,9,783,4,1,14,2,2,0,5,1
41,56,24,9,20,422,0,0,7,11,682,5,5,1,2,2,1,3,1
82,396,136,53,124,432,4,15,25,32,774,15,34,48,106,25,1,31,1
61,356,138,54,114,477,2,6,27,33,819,7,16,23,71,15,1,30,1
58,226,72,29,67,437,3,11,1,16,656,6,20,26,32,6,3,1,0
55,329,148,62,131,475,0,0,24,35,679,24,55,79,13,11,5,22,1
67,317,124,51,116,439,2,6,21,23,879,1,24,34,64,17,1,25,1
42,271,76,32,80,407,1,4,11,13,833,12,32,45,23,9,4,18,1
35,245,104,43,122,356,4,17,14,19,727,16,18,34,17,8,6,18,1
35,245,104,43,122,356,4,17,14,19,727,16,18,34,17,8,6,18,1
82,242,117,46,92,501,0,1,24,40,604,20,43,63,1,7,15,17,1
80,240,92,34,75,461,1,3,22,26,839,5,19,24,55,13,3,18,1
81,226,77,31,63,501,0,0,14,22,626,19,36,55,11,6,7,11,1
82,224,100,37,76,488,7,21,18,23,801,12,12,23,16,7,2,12,1
61,224,96,36,90,404,2,7,21,29,740,1,13,23,19,9,4,19,1
66,217,86,37,76,482,0,2,13,26,512,15,25,40,12,7,5,16,1
59,222,80,27,63,423,8,24,19,23,815,7,30,37,16,5,8,8,0
79,209,79,33,71,463,1,3,13,22,576,15,23,38,21,11,7,17,1
82,208,85,31,63,491,1,4,21,27,772,14,26,40,13,8,8,13,1
79,206,50,21,54,390,0,2,7,9,784,4,13,17,51,16,0,13,1
78,205,81,31,72,428,0,0,19,27,725,12,30,42,14,7,3,14,1
24,175,52,18,46,391,4,11,12,17,725,1,1,11,29,1,1,1,0
39,165,57,22,47,459,0,0,14,16,871,15,30,45,8,3,1,9,1
75,150,56,21,48,430,0,0,14,20,707,7,22,29,9,5,9,16,0
79,146,36,14,26,532,0,0,9,14,640,13,21,34,5,4,3,7,1
58,131,27,11,29,374,1,4,4,6,719,3,7,1,31,3,1,1,0
49,119,53,23,51,446,0,1,8,11,722,2,4,6,12,4,0,1,0
70,103,42,17,35,496,0,2,7,9,806,7,13,20,7,3,6,8,1
40,95,38,16,37,422,1,3,7,7,897,1,6,7,15,1,1,6,0
55,93,31,12,25,474,0,0,7,13,563,13,13,26,4,2,3,6,1
59,87,25,11,22,470,0,0,4,6,735,3,4,7,17,6,0,9,0
44,83,24,1,25,404,0,2,4,5,810,1,5,6,20,4,0,9,0
49,83,45,18,39,466,0,1,8,12,702,6,7,13,5,3,3,6,1
44,76,11,5,12,385,0,0,2,4,444,5,13,19,4,2,3,5,0
41,66,19,7,19,367,0,0,5,7,667,6,11,17,5,1,3,6,0
36,63,13,5,13,375,1,2,2,4,615,1,3,4,6,2,0,5,1
45,199,62,25,67,377,5,13,7,1,744,4,14,18,27,5,2,9,0
50,62,17,5,17,310,0,0,6,1,604,3,7,1,3,3,1,4,0
82,374,229,90,197,455,2,11,47,69,684,21,27,48,48,25,1,42,1
82,360,188,77,166,468,6,17,27,36,747,20,62,83,36,11,2,26,1
80,339,146,54,112,485,0,0,37,50,745,28,51,79,19,7,21,17,1
80,337,157,61,113,538,0,0,35,50,696,19,62,81,38,6,8,31,1
71,278,53,20,42,475,0,1,12,20,617,14,32,47,82,18,6,22,1
68,253,104,42,85,491,0,1,21,27,757,17,32,50,11,7,7,11,1
63,252,159,65,122,531,0,0,30,46,649,22,27,49,17,6,6,24,0
78,227,92,36,80,454,1,5,18,29,646,17,30,47,24,16,4,16,1
80,198,59,23,58,396,7,23,6,8,770,5,15,20,7,9,1,3,0
80,219,85,35,76,455,0,1,16,22,728,19,27,47,13,6,8,11,1
77,209,88,34,78,430,2,7,19,26,741,9,11,20,20,12,3,17,1
81,208,103,41,94,437,2,6,19,24,801,7,14,21,36,8,0,15,1
50,196,67,28,72,397,0,0,1,17,581,16,33,49,11,4,7,17,1
80,195,53,20,44,454,2,5,12,15,777,5,18,23,45,9,1,19,1
75,187,75,31,67,467,0,0,13,19,676,24,47,71,7,8,11,14,1
67,182,69,26,63,408,3,1,14,17,833,5,13,17,30,6,1,16,1
82,178,53,20,35,562,0,0,13,21,614,13,23,36,7,5,15,9,1
64,173,79,34,69,490,0,1,1,16,663,11,22,33,12,3,4,9,1
68,151,66,27,46,581,0,0,13,18,727,15,28,42,5,5,5,14,1
77,150,65,28,51,545,0,0,1,16,587,21,22,43,7,5,6,12,1
68,148,66,25,55,456,0,2,16,22,743,11,24,35,13,3,2,1,1
77,143,52,19,40,476,0,0,14,22,632,11,24,35,5,3,4,11,1
66,142,44,15,31,471,0,0,14,21,693,11,19,29,8,6,2,7,1
67,136,46,20,47,423,1,4,5,7,729,1,16,26,18,6,3,9,0
65,135,54,20,42,476,0,0,14,21,687,12,23,34,4,3,3,12,1
65,132,50,20,50,413,1,3,8,1,769,6,1,16,11,7,3,8,0
62,132,42,17,32,527,0,0,7,12,639,11,23,35,4,3,1,9,1
64,131,55,21,47,450,1,3,12,17,701,7,1,17,13,4,1,9,0
59,129,56,24,44,544,0,0,8,13,649,12,17,29,1,3,5,1,1
70,182,74,28,43,659,0,0,17,28,626,14,30,44,9,7,8,11,0
62,115,58,24,53,441,3,8,8,1,797,7,1,17,7,4,1,9,1
35,110,38,16,41,393,0,0,5,15,353,1,19,29,5,2,2,11,0
42,110,33,14,36,380,1,2,5,7,750,3,5,8,1,6,1,7,0
59,107,50,19,47,411,0,4,11,13,868,6,6,12,5,3,1,8,1
45,104,42,20,41,486,0,1,2,3,600,7,1,17,6,2,2,4,0
67,95,49,21,49,426,3,9,4,6,789,4,7,12,9,4,1,7,1
60,87,38,16,34,468,0,0,7,1,690,6,8,15,7,3,3,6,1
41,83,31,12,29,427,0,0,7,9,750,6,7,14,11,3,0,6,0
62,80,37,14,33,436,0,0,9,11,746,6,13,19,4,1,1,6,1
43,67,34,12,31,378,1,3,1,15,636,3,7,1,8,3,1,8,0
53,101,21,8,17,455,0,0,6,1,608,7,15,22,3,1,6,6,0
54,60,23,9,25,338,2,8,3,5,630,1,5,6,6,2,0,5,0
50,354,200,77,163,474,0,1,45,61,739,25,65,90,20,11,21,34,0
82,330,171,70,143,490,0,1,30,44,687,37,42,80,24,12,5,30,1
81,306,149,62,125,496,0,0,24,50,481,21,67,89,29,13,5,34,1
81,281,147,64,124,515,0,0,20,29,684,24,49,72,1,4,5,23,1
79,264,111,41,84,490,0,0,29,39,746,20,56,76,1,8,26,18,1
55,253,140,52,113,463,1,5,34,38,896,8,13,21,19,13,4,14,1
81,250,125,54,115,468,1,3,16,29,557,11,14,26,20,8,1,19,1
82,239,94,35,73,481,1,2,23,29,798,7,7,15,48,8,1,19,1
82,173,60,21,49,426,0,0,18,24,730,14,29,43,11,5,5,11,0
77,230,96,36,70,519,0,0,23,35,662,33,53,86,17,9,4,23,1
82,207,83,32,63,507,0,0,19,31,607,21,36,57,7,5,8,14,1
58,206,74,31,66,466,0,2,13,17,781,20,41,61,12,5,6,13,0
80,200,85,32,57,558,0,0,21,32,673,12,27,39,11,9,5,19,1
82,188,64,25,47,539,0,1,12,20,611,20,27,46,7,6,6,12,1
71,186,47,18,39,456,0,0,12,23,531,16,25,41,6,4,1,12,1
64,171,77,32,67,469,0,1,14,22,647,17,26,43,3,5,1,11,1
79,156,78,25,52,483,0,1,27,35,785,3,12,16,43,1,1,20,1
79,154,71,27,57,474,2,5,16,20,806,4,1,15,25,1,0,13,1
34,171,70,27,63,427,6,21,1,17,596,11,22,33,5,5,5,12,0
71,165,49,20,44,457,3,9,6,1,611,3,16,19,29,9,1,14,0
78,150,47,18,39,472,0,1,1,16,619,12,19,31,11,1,8,12,0
76,149,55,22,46,481,1,5,1,12,785,6,12,17,35,9,0,14,0
80,148,52,20,43,465,0,0,12,16,723,14,33,47,6,3,4,13,1
68,127,52,22,55,409,0,3,7,12,583,7,9,17,9,4,1,9,0
64,127,41,18,33,528,0,0,6,13,435,14,24,38,3,2,3,9,0
64,127,41,18,33,528,0,0,6,13,435,14,24,38,3,2,3,9,0
53,108,28,13,21,604,0,0,3,8,425,9,19,28,3,4,4,4,0
66,105,50,22,45,480,0,1,7,8,852,6,9,15,8,3,1,9,0
77,160,45,17,44,384,7,23,4,5,756,2,14,16,9,4,2,6,0
45,104,37,17,41,408,1,3,3,4,600,1,9,1,18,4,1,11,0
45,102,35,15,40,383,0,2,4,8,514,3,4,7,15,8,1,9,0
64,100,43,16,35,455,0,1,12,16,728,2,8,1,12,4,1,7,1
55,92,37,13,29,444,0,0,11,19,558,7,8,15,16,8,3,9,1
57,85,45,18,41,442,0,1,9,9,926,4,6,1,9,4,1,6,1
36,76,34,14,24,557,0,0,7,1,667,4,7,11,2,1,2,5,0
57,76,32,1,28,364,0,1,11,12,929,2,6,8,12,3,1,9,1
48,69,32,13,31,407,0,0,6,8,795,8,13,20,3,1,2,8,1
75,151,28,1,34,308,4,14,4,6,644,3,11,14,32,9,1,12,0
82,383,282,102,198,515,1,6,77,91,845,20,45,65,59,24,8,35,1
80,311,141,54,115,470,0,1,33,42,767,19,22,40,31,12,1,25,1
76,292,100,39,73,537,0,0,21,30,711,27,59,86,28,7,27,23,1
82,286,140,52,95,545,0,1,36,49,733,32,53,86,19,12,1,25,1
82,283,110,42,90,471,1,4,24,30,820,23,51,74,16,8,8,12,1
80,258,88,35,78,446,1,3,18,21,829,4,17,21,44,13,1,21,1
79,247,106,46,90,511,0,0,14,18,784,20,38,57,5,5,11,15,1
82,234,128,50,84,600,0,0,28,45,620,23,45,68,14,4,5,23,1
82,218,93,39,84,467,0,1,15,22,657,22,42,64,4,4,6,13,1
75,215,71,29,53,543,0,0,13,18,737,17,35,52,7,6,4,11,1
79,213,92,38,76,498,1,1,16,21,734,15,19,34,35,16,3,21,1
78,203,93,34,62,557,0,0,24,34,715,19,32,51,1,2,4,15,1
78,201,84,30,58,520,0,1,23,36,648,18,33,51,16,6,8,18,1
78,201,84,30,58,520,0,1,23,36,648,18,33,51,16,6,8,18,0
78,201,84,30,58,520,0,1,23,36,648,18,33,51,16,6,8,18,0
29,164,37,13,42,317,7,21,4,8,500,3,11,14,14,6,2,1,1
29,164,37,13,42,317,7,21,4,8,500,3,11,14,14,6,2,1,0
29,164,37,13,42,317,7,21,4,8,500,3,11,14,14,6,2,1,0
72,198,58,24,52,454,0,0,11,13,859,12,18,30,15,4,1,13,1
82,193,66,26,57,460,0,1,14,21,678,18,17,35,19,7,1,14,1
62,193,80,32,60,528,0,1,16,21,789,13,25,37,13,5,13,17,1
78,187,71,28,61,453,3,9,13,17,754,5,14,19,31,1,1,14,1
75,187,68,28,59,470,0,0,12,26,474,14,30,44,5,5,5,19,1
82,182,56,19,41,471,0,1,17,24,736,3,1,13,51,13,1,18,1
74,173,71,28,62,459,1,3,14,17,810,5,1,15,17,6,2,11,0
74,170,44,18,39,460,0,2,7,1,711,5,13,18,29,1,2,13,0
54,170,55,21,43,498,0,0,12,23,541,16,33,49,3,4,3,12,1
74,151,51,22,46,478,0,0,7,1,733,12,25,36,5,2,2,1,0
36,144,58,23,54,431,0,1,11,14,820,11,14,24,9,3,2,9,1
78,143,49,19,39,492,0,1,11,16,669,1,24,33,13,4,2,13,1
67,133,37,16,27,589,0,0,5,12,398,1,26,36,8,5,8,9,0
59,128,51,19,46,416,0,1,12,17,706,8,13,21,14,3,2,13,0
77,124,61,23,48,478,0,0,15,24,646,12,14,27,8,6,4,9,1
53,123,15,5,16,326,0,0,4,7,564,1,21,31,4,2,8,8,0
60,119,32,12,24,486,0,0,8,11,758,7,17,25,5,2,5,12,1
56,112,56,23,47,496,0,0,1,13,800,7,9,16,4,5,1,12,1
63,108,41,17,46,383,0,1,6,8,755,4,6,1,14,5,1,11,0
66,106,38,14,35,397,0,1,1,14,707,8,12,20,4,2,2,8,0
51,105,38,16,37,440,0,0,5,7,750,8,8,16,7,2,2,6,0
60,92,34,15,40,367,0,0,5,9,509,7,9,16,4,4,1,7,0
59,91,33,13,36,373,0,1,7,9,765,6,7,13,9,5,2,6,1
51,90,45,18,38,482,0,0,8,13,642,6,8,14,3,2,3,7,0
47,89,42,15,40,383,0,0,11,16,688,2,4,6,4,5,1,7,0
38,71,32,13,35,373,1,8,5,7,692,1,4,5,12,2,0,7,1
43,71,21,9,22,415,0,0,3,6,520,6,8,14,6,2,1,4,0
39,69,13,5,13,412,0,0,3,5,500,5,15,19,3,2,3,4,0
39,60,33,13,32,419,1,3,5,8,677,4,5,9,7,1,1,8,0
38,47,18,7,18,388,0,1,4,4,882,2,3,6,7,1,0,5,1
82,328,210,87,167,523,0,0,35,53,661,36,76,111,20,8,24,36,1
81,300,120,48,101,480,0,2,23,30,753,14,55,69,21,9,8,20,1
80,270,84,33,70,469,0,0,18,25,730,8,17,25,83,15,2,34,1
79,263,108,42,85,499,0,1,23,32,731,22,35,57,22,7,7,15,1
52,128,42,15,43,356,3,1,8,13,638,9,20,30,3,4,1,9,1
82,259,124,49,109,448,1,4,26,35,742,17,23,40,23,13,1,17,1
81,248,85,37,73,512,0,0,11,14,752,14,43,57,16,5,15,13,1
81,244,121,50,113,444,3,9,18,21,826,7,12,19,19,3,2,14,1
81,239,93,31,67,462,0,1,31,40,785,9,18,27,39,16,4,21,1
80,232,55,23,46,496,0,0,9,15,590,22,41,62,9,4,18,14,1
74,221,106,45,93,484,1,5,15,19,806,7,15,22,24,11,3,16,1
82,211,90,38,81,467,1,5,14,18,772,15,23,38,15,8,5,9,0
82,209,57,24,55,443,0,3,8,12,673,6,15,21,29,12,3,14,1
79,194,73,27,51,536,0,1,18,22,837,13,26,38,12,7,5,13,1
80,178,83,33,73,448,3,11,15,19,787,5,1,15,22,7,1,14,0
31,126,31,12,27,458,0,0,7,1,656,12,29,41,2,2,7,6,0
73,176,69,30,67,445,1,5,9,1,889,3,9,12,33,4,0,11,1
82,172,77,31,68,451,0,0,15,21,728,14,15,29,19,13,3,15,1
72,169,63,26,56,464,0,2,11,15,727,8,13,21,18,8,1,1,0
82,161,79,26,63,417,0,2,25,32,791,9,11,20,35,16,2,24,1
78,159,42,14,33,413,0,2,14,18,777,4,12,16,34,12,1,14,0
67,158,82,34,74,456,2,4,13,18,719,16,21,37,8,6,1,12,1
75,157,61,24,54,441,0,1,13,18,714,12,13,25,23,5,2,13,1
78,137,45,21,41,503,0,1,4,6,609,2,7,9,9,2,0,4,1
49,136,52,20,47,439,0,0,11,16,714,12,24,36,5,4,3,12,1
78,133,36,16,31,517,0,0,4,7,608,8,21,29,8,3,11,8,1
38,125,53,19,47,416,8,21,6,9,676,2,11,13,7,4,1,9,0
55,125,62,26,57,459,1,3,9,11,770,7,9,16,13,3,1,8,0
40,117,65,27,54,509,0,1,1,12,851,5,6,12,12,5,0,8,0
47,111,27,1,26,388,0,0,7,11,700,1,15,24,9,2,4,7,0
45,103,33,14,33,419,0,2,5,6,821,4,5,9,9,3,0,7,1
49,93,29,12,28,445,1,4,3,5,615,1,6,7,30,2,0,7,1
48,93,45,17,34,497,0,1,12,19,615,4,8,12,8,5,4,1,0
39,85,31,13,23,544,0,0,5,1,538,1,19,29,5,5,3,5,0
57,83,29,12,31,384,0,0,6,8,696,8,11,19,3,2,7,6,1
57,82,21,9,22,397,1,2,3,4,783,4,6,1,8,4,0,4,1
33,169,41,15,41,373,3,9,8,12,625,4,19,22,24,1,3,12,0
53,124,34,13,33,379,6,17,3,3,938,7,18,25,4,3,0,2,0
15,79,19,7,25,270,0,0,5,8,667,5,11,15,5,1,1,1,0
45,79,37,14,25,571,0,0,8,20,418,8,1,18,5,3,2,4,0
55,76,27,12,26,448,0,1,3,5,643,2,6,9,8,3,1,6,1
35,56,19,9,19,455,0,0,1,5,313,8,1,18,2,0,1,6,1
70,362,237,98,187,523,0,0,42,59,709,43,63,106,25,18,9,29,1
81,341,201,84,175,479,0,2,32,43,741,42,64,106,28,17,5,27,1
76,274,151,62,133,466,1,3,27,37,730,11,23,34,37,9,1,27,1
82,268,103,38,85,448,2,5,25,32,792,19,25,45,21,8,8,16,1
76,266,99,42,93,452,3,12,12,17,723,7,9,16,36,11,1,21,1
58,118,33,12,22,535,0,0,9,13,712,8,17,26,4,3,9,3,0
77,256,134,58,100,579,0,1,18,29,624,20,31,52,17,12,8,23,1
78,235,84,38,83,462,2,4,6,8,672,1,18,28,25,7,1,9,1
73,234,104,45,106,428,1,4,12,17,696,1,16,27,21,7,3,19,1
80,202,51,20,44,462,0,0,1,14,690,15,27,41,1,4,6,17,1
82,200,44,18,30,595,0,0,9,14,614,21,38,59,8,8,1,6,1
74,195,70,26,63,408,0,2,18,24,753,5,13,18,49,12,2,25,0
82,194,93,34,70,487,0,1,24,30,810,4,11,15,26,6,0,19,0
79,193,67,27,59,457,0,1,13,22,597,11,25,36,26,13,6,20,1
51,113,28,11,25,422,0,2,7,1,642,7,14,21,5,5,2,7,0
75,189,49,19,40,479,0,1,11,15,699,9,20,29,34,16,1,13,1
81,189,43,18,44,414,0,0,7,11,656,11,46,57,14,3,34,17,1
75,188,63,23,43,533,0,0,17,23,741,19,35,54,14,6,9,11,0
44,176,36,15,36,400,0,0,7,1,652,6,12,18,25,9,3,14,0
77,196,61,22,52,431,7,20,1,13,728,7,13,19,8,6,2,6,0
43,169,40,15,40,380,0,1,1,13,737,3,13,16,29,5,2,16,0
76,164,81,30,69,429,1,3,20,24,833,7,11,18,18,8,2,14,1
78,163,52,22,55,404,1,2,6,9,696,14,21,35,15,7,3,12,1
77,159,62,27,56,476,0,1,8,11,735,12,21,33,8,3,3,11,0
68,146,57,24,55,432,0,2,9,12,762,3,12,14,25,8,1,17,1
52,103,37,15,32,455,1,7,7,11,673,5,12,17,4,4,2,8,0
62,142,56,21,44,485,0,0,14,24,571,17,21,37,8,4,6,12,1
71,139,54,21,40,512,0,0,13,19,650,19,34,53,5,6,9,14,1
53,132,49,21,39,534,0,0,8,1,774,13,21,34,9,4,2,8,0
44,118,28,1,31,314,0,0,8,1,783,9,18,27,8,3,2,7,0
68,111,27,1,27,364,0,3,7,9,810,3,8,11,19,2,0,14,0
68,111,27,1,27,364,0,3,7,9,810,3,8,11,19,2,0,14,1
49,106,40,15,35,435,0,1,9,16,577,6,9,15,7,4,1,1,1
54,103,33,16,35,445,0,1,1,3,471,8,14,22,5,3,2,5,0
52,101,32,15,35,420,0,0,3,5,571,8,17,25,3,1,6,4,0
62,98,40,14,28,477,0,1,12,16,760,4,8,12,11,4,1,9,1
65,96,50,20,36,543,0,0,11,17,642,7,9,16,5,3,0,8,1
40,100,19,8,17,485,1,3,2,3,700,9,15,24,4,5,3,5,0
55,94,45,19,43,449,2,5,5,7,737,5,6,12,6,3,1,6,0
48,87,32,12,29,406,0,0,8,12,678,6,1,16,6,3,2,1,0
23,83,13,5,13,367,0,0,4,9,450,7,13,20,5,1,3,7,0
63,82,36,14,38,374,1,7,6,9,644,5,5,11,8,6,1,7,0
44,79,33,13,31,415,0,1,8,12,660,3,5,9,8,5,1,9,0
54,68,15,7,17,404,0,0,1,3,313,8,11,19,2,1,3,4,1
39,68,22,8,23,375,0,2,5,8,563,4,5,9,4,2,1,5,1
36,51,22,8,18,453,0,0,6,13,444,9,12,21,2,1,1,1,1
31,45,12,4,12,342,0,1,4,6,550,5,8,13,1,2,0,3,1
35,42,29,1,28,361,0,3,9,13,667,2,3,5,6,1,1,4,0
82,375,216,78,156,496,1,3,60,76,797,27,27,54,33,11,2,34,1
82,345,155,63,107,582,0,0,30,47,624,42,80,123,13,1,1,29,1
72,338,170,63,148,424,2,8,42,60,704,8,21,29,78,21,2,42,1
81,331,172,68,130,525,0,0,35,57,620,26,43,69,18,7,6,27,1
81,324,214,89,179,497,0,0,36,50,716,22,47,70,22,11,3,24,1
51,288,187,75,161,465,5,14,33,48,680,17,31,49,32,7,4,26,1
82,278,115,50,104,477,0,1,15,23,670,21,52,74,17,7,22,17,1
82,270,144,51,91,561,0,0,42,55,752,31,62,93,16,5,7,29,1
79,257,107,43,103,414,2,1,19,26,750,4,14,19,48,1,1,20,1
80,250,83,35,80,441,0,1,12,17,703,18,20,38,24,9,0,14,1
78,223,128,51,83,613,0,0,27,42,642,19,39,59,12,5,11,25,1
76,223,121,51,107,482,0,2,18,23,778,14,27,41,19,8,5,24,1
80,213,96,39,82,477,0,1,18,27,684,20,32,51,18,7,2,13,1
74,205,93,40,87,459,0,1,13,20,664,17,26,44,15,7,2,13,1
74,205,93,40,87,459,0,1,13,20,664,17,26,44,15,7,2,13,1
82,198,79,31,64,481,0,0,17,23,757,16,36,52,18,6,9,18,1
79,192,70,27,61,434,0,0,17,22,775,14,19,33,6,5,3,14,0
59,182,61,26,47,556,0,0,8,15,551,15,37,52,6,8,13,11,0
64,177,46,18,36,518,0,0,9,18,504,18,36,54,9,9,12,12,1
63,172,53,22,47,461,0,0,1,17,583,15,32,47,1,3,13,9,1
71,170,49,21,42,503,0,0,7,1,708,15,21,36,7,6,3,8,1
82,169,64,23,55,413,0,1,19,24,760,6,12,18,33,11,0,16,1
63,163,63,26,58,453,1,5,1,13,726,1,9,19,25,8,2,13,0
64,161,70,28,61,465,3,9,1,16,657,4,1,14,23,8,1,14,0
71,160,69,29,63,464,0,2,11,15,720,1,18,27,12,5,4,1,0
75,158,73,27,53,513,0,0,19,27,699,11,19,30,11,3,3,14,1
80,148,45,19,36,519,0,0,8,15,520,14,35,48,11,2,15,16,1
80,148,66,28,55,521,0,0,9,15,641,12,20,32,1,5,9,13,1
77,140,49,19,34,546,0,0,12,19,601,9,16,26,7,4,3,9,1
49,130,39,16,36,435,0,0,8,13,594,8,9,16,8,4,0,5,0
24,93,23,8,24,316,3,1,5,6,733,1,5,6,14,4,0,8,0
72,119,29,12,23,509,0,0,5,12,459,1,15,25,6,3,7,7,0
54,114,46,19,36,510,0,0,9,11,820,4,7,12,5,3,0,8,1
49,111,46,21,45,459,1,4,4,6,643,3,6,8,14,5,0,11,0
46,107,29,11,18,583,0,0,7,9,825,6,7,13,8,4,1,8,0
54,106,38,16,34,478,0,0,6,7,811,1,15,25,6,2,2,8,0
53,106,41,15,42,357,1,3,11,12,862,5,6,11,16,7,1,1,1
39,90,49,21,44,465,0,1,8,14,585,9,4,13,4,5,1,9,1
43,86,34,13,23,540,0,1,8,16,507,3,4,7,13,4,1,1,0
39,85,35,14,26,524,0,0,7,12,604,8,9,17,3,3,1,7,0
43,92,27,1,28,355,5,17,2,2,778,3,1,13,3,2,0,3,0
42,81,34,13,29,458,0,0,8,12,654,5,1,15,2,2,1,4,0
42,69,36,15,36,433,0,2,5,6,741,2,4,6,11,4,1,6,1
49,69,31,12,28,444,0,0,6,8,732,4,1,15,1,1,0,4,0
51,66,30,11,24,451,0,0,8,12,677,2,5,7,4,3,1,7,0
36,66,19,8,24,322,0,1,3,5,647,5,3,8,4,3,1,6,1
82,356,189,75,153,491,0,0,38,54,716,33,59,93,14,6,15,30,1
81,354,206,88,191,464,1,6,28,40,716,1,26,36,24,13,5,29,1
82,314,96,37,72,512,0,0,22,37,588,53,68,121,11,8,8,18,1
79,313,110,46,95,486,1,2,17,27,637,23,38,61,32,11,3,19,1
80,304,152,66,145,452,0,4,21,27,749,5,19,24,69,11,1,29,1
33,164,53,20,53,371,2,14,11,13,860,2,15,16,28,4,0,15,0
37,86,21,9,25,363,1,6,2,3,667,6,1,15,3,2,0,4,0
81,304,98,42,83,503,0,0,14,19,765,33,53,86,27,7,1,16,1
82,302,147,60,124,479,0,1,28,39,706,26,28,54,25,12,4,20,1
56,282,132,52,123,423,0,0,28,36,767,24,50,75,13,1,18,23,1
81,244,112,47,101,468,1,3,16,22,733,12,17,29,37,17,4,22,1
75,236,129,53,107,495,1,4,21,30,712,4,15,19,36,8,1,29,1
68,235,84,33,71,460,0,0,19,27,699,18,50,67,15,5,3,18,0
70,234,61,27,59,453,0,0,7,9,806,12,26,38,19,7,1,13,0
81,228,115,44,100,444,0,1,26,34,776,16,17,33,23,13,3,21,1
82,218,105,42,86,491,0,1,20,25,807,21,23,44,16,7,3,15,1
79,217,102,43,86,499,0,0,16,24,663,17,29,45,1,6,6,16,0
76,208,66,26,64,407,1,2,14,18,797,3,13,16,33,12,1,22,1
76,208,66,26,64,407,1,2,14,18,797,3,13,16,33,12,1,22,0
82,201,100,43,81,533,0,0,13,19,679,19,25,44,7,3,18,13,1
71,198,70,30,67,444,1,4,1,13,750,6,18,24,32,9,2,15,0
81,197,79,29,63,460,0,1,22,30,729,14,22,36,14,6,3,18,0
82,192,74,30,63,479,0,2,13,21,610,7,17,24,45,15,3,19,1
56,189,47,21,46,450,0,0,5,7,675,11,38,49,7,6,8,11,1
82,179,81,33,65,511,1,6,13,15,899,5,11,16,20,9,1,12,1
74,170,54,19,39,478,0,1,16,20,793,9,12,21,15,8,3,11,1
28,81,17,6,14,425,3,8,2,3,857,3,11,15,4,2,1,5,0
60,158,87,32,60,529,0,1,24,36,670,15,29,44,7,6,14,17,1
64,148,37,15,30,495,0,1,7,9,750,3,15,18,18,9,1,14,0
68,144,53,19,35,542,0,0,15,25,594,16,30,45,6,1,11,1,1
65,116,39,15,32,452,2,7,8,11,729,5,14,20,7,3,7,9,1
53,137,41,16,40,412,0,1,8,12,683,2,9,11,26,5,1,1,1
52,134,48,21,42,507,0,0,5,8,675,13,28,41,5,4,8,7,1
45,129,40,18,36,512,0,0,4,5,762,12,25,37,5,2,3,7,1
54,124,56,21,46,462,1,2,13,18,737,6,6,12,1,4,0,9,1
81,117,47,20,46,442,0,1,6,8,766,4,8,12,9,4,1,7,1
40,115,18,8,25,327,0,0,1,2,556,2,7,9,14,5,1,9,0
48,113,41,18,38,462,0,0,6,9,690,8,13,20,6,5,3,7,0
37,78,39,15,34,460,1,3,7,11,650,6,8,14,2,2,0,4,0
44,110,49,21,51,418,0,1,6,9,667,11,19,30,2,3,1,7,0
55,107,43,18,40,457,0,0,6,11,603,11,14,25,5,3,1,11,0
52,102,42,18,39,454,0,0,6,12,516,1,20,30,5,4,4,6,1
59,101,32,14,31,454,0,1,4,7,564,5,6,1,12,6,1,13,0
47,96,20,7,20,358,0,1,5,7,781,2,7,9,15,5,0,6,1
60,89,28,1,30,330,0,1,9,12,739,5,7,12,13,4,0,6,0
55,84,27,1,25,412,0,1,7,15,435,5,12,17,3,4,4,6,0
44,53,26,11,31,348,0,1,4,8,459,6,7,13,3,2,0,6,0
51,73,27,11,25,434,1,2,5,8,590,3,6,9,1,4,0,7,0
31,64,23,7,20,355,3,1,6,8,750,4,8,12,3,1,1,2,0
82,386,190,67,157,429,23,61,33,39,844,5,26,31,65,9,2,30,1
56,312,139,50,123,410,16,42,22,28,786,8,30,38,24,9,5,16,1
33,156,30,13,40,318,2,11,3,5,529,4,1,14,25,4,1,7,0
64,288,135,55,106,516,0,1,26,35,751,26,56,82,1,12,18,14,1
61,288,147,55,134,412,1,33,26,35,746,4,21,24,30,1,3,20,1
82,280,88,34,78,428,9,24,12,15,806,13,27,40,9,7,5,12,1
77,264,79,32,73,438,0,1,16,20,764,21,36,57,12,5,9,12,1
76,260,82,34,74,461,4,15,1,17,570,16,28,44,7,12,8,9,1
78,260,90,36,79,458,0,1,18,24,749,17,42,58,15,7,9,13,1
81,254,92,34,78,439,6,18,18,23,758,7,35,41,12,6,2,13,1
61,232,62,24,64,372,5,14,1,18,546,3,15,18,21,4,1,12,1
12,155,47,16,44,358,8,26,7,1,667,3,23,26,13,9,2,6,0
60,207,79,35,57,608,0,0,1,27,371,28,48,76,5,1,16,9,1
45,198,60,25,50,493,0,1,1,14,746,20,38,59,8,5,5,6,0
69,175,55,22,40,545,0,1,1,13,809,12,25,37,5,2,6,7,1
41,174,56,19,46,418,9,23,8,1,829,11,16,27,29,9,5,11,1
78,173,50,18,47,384,8,25,6,9,644,4,19,24,12,8,2,6,1
78,170,71,27,66,417,8,20,9,1,909,2,1,12,28,5,0,9,1
73,170,64,25,63,407,9,27,4,6,714,5,15,20,7,6,2,7,1
56,154,87,33,68,479,11,25,11,15,759,6,15,21,5,3,2,9,0
70,151,48,20,46,430,0,0,8,16,523,17,28,45,7,6,4,13,1
61,148,61,21,48,446,9,23,1,11,843,3,13,15,9,2,2,7,1
48,146,30,12,31,371,5,15,2,3,571,1,8,9,30,5,1,12,0
79,134,29,11,33,327,2,8,6,7,818,7,26,33,7,5,3,7,1
52,133,23,8,21,407,4,11,2,2,1000,2,13,15,8,3,2,4,0
63,131,60,26,53,482,0,0,9,17,533,18,29,47,5,3,7,8,1
11,137,48,15,37,415,3,14,15,16,889,2,7,9,8,5,1,2,0
63,127,37,15,35,436,1,6,5,8,667,3,14,17,3,3,3,5,0
47,123,33,13,35,368,3,8,4,7,588,2,8,1,7,3,0,6,0
73,122,40,16,42,382,1,9,7,9,769,5,15,20,8,5,1,8,1
51,121,40,14,35,400,7,18,5,6,719,4,18,22,9,2,2,6,0
47,115,37,17,29,582,0,0,4,6,643,16,15,31,2,4,2,4,0
57,112,41,18,35,513,0,0,5,8,667,11,25,37,9,2,5,7,1
46,99,28,12,22,515,0,0,5,9,610,11,17,28,1,3,8,4,0
41,99,29,1,27,375,3,12,5,7,724,2,7,9,6,4,1,5,0
30,257,58,21,53,400,8,26,7,1,724,15,20,35,15,7,3,7,0
40,94,46,18,37,476,0,0,11,14,768,1,18,28,3,1,1,5,1
48,82,21,9,24,381,1,5,2,3,563,1,9,9,13,2,1,7,0
35,78,26,9,25,384,1,5,6,8,724,4,4,8,12,2,1,8,0
27,75,28,1,33,295,3,11,6,7,895,0,2,3,1,2,0,6,0
23,64,31,1,30,353,4,13,6,6,1000,2,6,8,2,1,1,3,1
66,323,128,48,117,415,16,42,16,21,759,5,27,32,38,7,1,26,1
56,294,126,49,114,428,8,27,20,26,764,13,23,36,23,9,3,21,0
59,289,95,36,91,401,8,27,15,18,798,7,24,32,28,17,1,19,1
63,286,95,39,87,452,1,28,7,12,551,14,33,48,21,12,5,13,1
66,272,121,43,116,366,1,34,25,32,789,5,31,35,44,9,3,18,1
65,255,115,39,88,448,13,34,24,28,832,7,18,26,41,8,1,16,1
66,244,125,48,109,443,17,41,12,14,868,4,21,24,20,7,3,16,1
64,240,79,31,63,493,6,17,11,14,773,16,35,51,11,13,4,7,1
22,135,35,12,38,313,1,8,1,13,821,3,11,15,21,6,3,13,0
46,225,102,39,67,586,0,0,24,36,665,31,46,77,8,7,1,12,1
66,217,46,18,47,372,7,19,5,7,682,7,29,35,7,11,5,6,0
66,215,88,31,75,412,6,21,21,30,697,12,35,47,6,5,5,12,1
33,203,55,24,60,399,1,8,7,9,767,5,15,20,32,4,1,15,1
63,195,74,28,69,399,7,20,12,17,717,11,33,44,1,7,7,11,1
65,194,68,27,69,393,3,12,1,13,776,3,11,14,20,7,0,16,1
61,186,76,28,73,386,13,35,7,8,833,3,9,12,18,5,1,11,1
51,175,58,25,57,447,1,4,7,8,872,2,12,13,33,7,1,12,0
34,134,49,19,44,446,4,11,7,11,632,6,12,18,6,3,3,6,0
56,167,64,25,49,513,0,1,13,18,720,12,29,40,6,8,3,12,0
59,159,72,26,61,429,3,8,18,24,727,1,13,22,9,5,1,9,1
41,152,41,19,41,473,0,0,3,3,786,11,30,42,8,3,4,5,1
42,150,40,14,30,452,0,0,12,15,839,12,18,30,3,2,2,6,1
43,148,46,18,35,507,0,0,1,15,652,15,21,36,3,5,3,5,0
37,146,44,17,40,423,5,16,4,7,615,13,26,39,3,6,5,5,0
55,139,29,12,22,545,0,0,5,7,707,9,23,32,5,7,16,6,0
42,135,49,21,50,421,0,0,7,12,558,13,20,33,4,4,5,9,0
19,128,33,12,31,390,1,5,7,9,824,5,9,14,16,4,2,9,0
44,123,38,15,41,372,3,1,5,6,714,4,9,13,14,4,1,9,0
64,122,36,14,34,400,2,7,7,9,712,2,13,14,20,4,0,8,1
46,121,47,21,42,508,1,2,5,6,750,1,16,26,5,3,4,4,1
42,114,50,19,40,467,1,5,1,13,815,7,17,24,5,3,2,7,1
38,111,39,14,42,325,1,5,11,16,700,2,7,9,9,1,2,1,0
40,105,44,17,44,391,7,19,3,3,917,1,7,8,5,1,0,5,0
26,99,44,18,43,432,7,18,1,2,400,4,20,24,8,1,1,6,1
26,97,22,1,23,424,0,0,2,5,500,5,17,22,2,1,8,3,0
26,122,28,11,28,389,6,15,1,2,500,3,8,1,1,4,3,6,0
44,96,29,11,34,333,2,9,4,6,593,3,6,8,13,3,0,11,0
38,87,29,11,30,381,4,12,2,2,1000,1,8,9,9,3,1,6,1
42,85,26,8,19,405,0,3,1,13,768,5,8,13,3,3,1,3,1
36,83,32,15,34,446,0,0,2,3,667,6,11,16,2,1,4,4,0
82,380,225,85,168,506,1,3,54,85,642,33,88,121,38,8,6,27,1
69,378,164,58,141,409,5,17,44,57,766,5,41,46,83,18,5,38,1
82,310,97,36,73,497,1,27,14,18,769,13,51,64,19,1,2,13,1
81,285,141,53,124,430,0,2,34,50,687,27,60,86,25,11,8,33,1
80,278,94,38,69,551,0,0,18,29,622,31,44,75,13,12,6,1,1
79,262,90,34,86,397,13,37,8,12,696,6,24,30,19,7,7,12,1
65,246,77,33,57,576,0,0,11,20,555,26,45,71,6,6,1,7,1
42,245,117,46,119,384,8,30,17,20,869,7,18,25,28,9,1,20,0
78,230,72,29,68,425,2,6,13,16,808,5,34,39,20,6,2,1,1
81,227,67,25,60,424,4,14,12,16,744,8,19,28,36,11,3,24,1
80,211,98,36,79,451,16,39,11,13,808,3,22,25,12,3,1,1,1
61,207,78,29,65,453,7,23,13,17,762,6,31,37,11,1,4,11,1
78,197,68,28,53,517,0,0,13,22,595,22,31,53,5,4,9,1,1
15,110,54,18,41,435,3,6,15,20,767,1,11,13,19,4,2,7,0
81,179,56,20,50,394,6,18,11,15,773,9,24,33,7,7,3,13,1
58,178,41,17,38,437,0,0,7,11,656,14,17,31,7,4,15,8,1
54,173,59,20,54,374,6,17,13,17,763,7,19,26,16,6,1,12,0
72,169,54,20,41,485,5,1,1,13,711,6,14,19,11,4,3,1,1
52,167,63,29,51,558,0,0,6,8,714,17,22,38,8,3,7,6,1
65,164,53,21,39,549,0,0,1,16,673,15,24,39,5,5,7,6,1
60,145,43,19,45,433,0,0,5,8,560,1,20,30,3,4,12,6,1
49,131,39,16,42,383,3,13,4,5,731,8,21,29,6,3,3,3,0
66,111,28,11,27,406,3,8,4,5,706,3,1,13,4,3,1,2,1
42,104,38,15,34,424,1,2,8,13,589,7,7,15,16,3,2,6,0
43,103,23,1,27,374,1,2,3,5,571,2,9,11,18,4,1,8,1
42,100,38,13,37,357,4,14,8,1,786,5,11,17,7,3,2,5,0
49,94,36,16,23,661,0,0,5,8,703,7,12,20,5,3,3,4,1
18,79,1,4,8,533,0,0,1,2,500,7,12,19,2,3,4,4,1
38,73,29,12,27,455,1,3,3,6,591,3,7,9,12,1,0,1,0
22,72,23,1,27,356,0,5,4,7,533,3,7,1,11,2,1,8,0
41,52,20,8,16,485,0,0,4,6,739,5,6,1,2,1,2,5,0
72,372,201,74,162,458,5,20,48,65,748,9,44,53,58,15,4,30,1
80,362,175,66,143,462,21,48,22,25,885,6,39,45,59,19,2,30,1
82,326,155,55,148,371,18,47,27,33,817,6,28,34,57,13,2,24,1
22,106,25,8,30,277,5,19,3,4,875,0,16,16,5,3,1,4,0
81,289,135,49,118,417,1,27,28,33,826,3,21,24,44,1,0,29,0
76,278,124,49,104,477,6,15,19,23,851,5,20,25,57,1,1,27,1
82,269,90,38,77,494,0,0,14,21,646,28,47,75,9,6,13,14,1
73,256,145,55,121,451,16,43,20,24,814,1,19,29,16,8,1,1,1
82,247,94,33,69,483,8,20,20,24,829,6,17,23,15,8,2,11,1
73,242,80,32,71,442,8,22,9,12,756,8,18,26,38,11,3,21,1
76,229,99,31,76,403,12,33,26,32,808,6,26,32,18,11,3,14,1
78,226,84,33,83,401,4,13,13,18,715,6,39,45,29,6,1,16,0
20,100,34,12,31,393,4,12,6,7,857,2,18,20,7,3,3,7,0
77,216,86,33,66,498,1,2,19,25,763,9,20,29,7,6,2,8,1
65,203,83,31,60,515,5,13,16,22,757,6,13,19,31,7,0,13,1
74,201,89,34,76,441,12,34,9,12,770,5,25,30,12,5,1,7,1
56,194,86,32,70,458,12,31,1,12,809,7,12,19,20,8,1,1,1
82,182,78,34,60,556,0,0,11,20,547,24,40,64,8,6,5,14,1
76,182,66,25,59,424,8,21,8,9,871,4,17,21,1,3,1,1,1
80,165,74,28,62,451,1,7,17,22,777,1,16,25,7,4,3,12,0
81,157,47,19,45,418,3,9,6,9,722,3,13,16,33,5,1,11,1
56,154,73,26,63,410,11,31,11,13,800,2,14,16,19,6,1,11,1
82,320,183,76,141,542,4,11,27,34,811,28,77,105,20,7,17,22,0
47,133,52,21,43,493,0,0,1,14,676,16,21,37,4,3,5,6,1
69,133,51,20,43,464,4,14,7,8,821,5,20,25,5,4,4,7,1
60,131,45,18,36,502,0,1,9,12,754,9,19,28,6,2,6,5,0
52,126,28,11,20,534,0,0,7,12,597,20,21,41,4,3,1,4,0
27,124,50,16,37,436,5,14,13,19,700,2,9,11,8,5,2,1,1
60,120,47,17,45,388,7,22,5,7,795,1,15,16,7,3,1,4,1
63,112,39,17,34,495,0,0,5,8,646,9,17,25,2,4,3,2,1
71,112,29,12,31,396,0,1,5,7,623,7,14,21,5,4,1,3,1
39,104,27,11,17,662,0,0,5,5,900,6,19,25,0,2,4,3,1
71,101,32,13,32,396,1,5,6,7,837,1,9,9,17,5,1,7,1
57,94,33,12,26,463,0,1,8,13,667,5,8,14,3,4,2,3,0
44,92,30,1,30,354,3,1,6,9,711,3,7,1,4,2,2,4,0
43,83,26,9,24,356,1,4,8,11,745,3,9,13,3,2,2,3,1
43,83,26,9,24,356,1,4,8,11,745,3,9,13,3,2,2,3,1
51,75,27,11,30,371,0,1,5,7,722,4,9,12,4,1,3,5,1
12,63,17,5,17,300,1,5,6,1,583,2,5,7,12,3,2,9,0
18,62,24,9,24,372,5,16,2,3,600,3,8,11,0,1,1,3,0
53,300,175,75,147,508,0,1,25,37,686,23,47,70,12,4,11,23,0
25,52,23,8,21,396,2,6,4,5,846,3,4,7,5,3,1,6,0
82,380,185,69,156,438,18,46,30,34,879,7,31,38,32,11,2,28,1
81,370,168,71,149,475,2,9,24,31,788,12,27,39,63,8,2,25,1
78,343,161,53,116,456,17,43,38,45,854,6,20,26,28,1,5,21,1
82,325,153,53,134,398,4,16,43,52,815,22,27,49,53,13,2,33,1
82,320,100,34,81,420,14,38,18,24,767,5,23,28,49,19,1,20,1
82,305,130,55,103,531,0,0,21,26,793,27,54,81,1,5,18,18,1
82,281,111,43,87,497,0,1,24,35,692,29,45,74,11,6,7,18,1
72,265,118,37,86,430,15,34,29,32,893,2,16,18,35,6,0,16,1
78,286,64,25,59,422,4,15,1,15,684,1,41,52,15,9,3,12,0
81,253,111,39,85,459,0,2,33,41,789,34,57,91,1,4,6,15,1
77,252,84,32,70,450,11,26,1,12,830,2,21,23,12,1,2,9,1
81,248,139,56,118,472,4,1,23,30,772,14,41,54,1,5,5,15,1
75,240,81,32,77,423,1,28,6,9,697,5,27,31,9,5,5,1,1
67,226,101,38,80,478,13,27,12,14,870,12,18,30,12,5,2,8,1
61,215,89,32,58,564,0,0,24,37,637,28,42,70,5,4,11,14,0
56,208,53,20,44,459,6,17,7,1,707,6,18,23,18,8,5,12,0
66,199,74,24,62,393,1,29,15,18,845,16,31,47,8,7,3,9,1
76,193,56,25,57,438,0,0,5,8,667,14,31,46,6,7,7,6,1
77,165,57,19,48,403,3,9,15,19,781,4,17,21,18,6,3,1,1
79,160,77,32,64,502,0,1,13,17,773,16,22,37,4,3,7,6,1
75,152,65,25,52,494,0,0,14,22,660,16,23,39,3,4,1,8,1
51,151,57,22,52,412,3,8,11,16,691,4,13,17,21,7,0,14,0
53,145,43,18,28,633,0,0,8,21,385,14,31,45,2,2,11,8,1
70,144,71,28,60,471,0,0,14,21,667,16,18,35,7,3,11,8,1
68,137,53,21,53,392,7,19,5,6,791,2,6,8,17,3,0,9,0
80,282,132,49,120,410,16,46,18,24,737,6,28,34,33,12,2,25,0
44,133,49,18,40,460,1,3,12,14,823,3,8,11,12,3,2,7,1
53,124,43,13,36,365,1,5,16,19,806,2,9,11,15,3,0,11,1
59,121,47,17,42,416,3,8,1,14,699,7,12,19,7,3,5,9,1
60,93,28,11,26,406,4,11,3,4,640,2,6,7,20,5,0,11,1
48,118,47,20,39,508,0,0,8,11,706,1,18,29,4,3,7,5,1
40,111,39,13,33,389,4,1,1,13,800,8,12,20,5,3,5,4,0
19,109,27,1,34,292,5,22,3,5,500,6,15,22,9,3,1,4,1
76,277,138,48,114,423,13,38,28,34,840,4,21,25,26,6,3,21,0
60,102,31,12,23,518,0,0,8,11,691,9,11,20,1,2,7,5,1
51,84,19,7,17,430,0,0,5,7,686,6,11,17,2,2,1,3,0
37,82,24,8,23,365,3,7,5,6,857,3,7,9,8,3,0,6,0
80,346,203,73,171,430,7,26,49,56,873,9,35,43,24,1,9,29,1
80,282,105,40,94,427,3,1,22,30,744,13,35,47,15,6,6,20,1
78,278,85,36,74,485,5,16,8,11,741,12,50,62,12,1,14,7,1
79,273,127,47,110,429,5,16,27,36,743,12,33,45,12,6,5,16,0
53,261,94,36,83,428,6,17,17,23,732,4,22,26,42,8,0,17,1
73,231,81,31,82,375,9,28,11,14,784,8,34,42,16,8,2,16,0
59,244,88,33,87,381,13,40,8,1,825,3,27,30,13,4,1,11,1
79,228,58,23,62,374,1,5,11,14,800,1,27,37,14,1,3,11,1
74,210,82,36,66,539,1,3,1,14,738,16,26,42,8,1,1,9,1
74,207,66,24,50,482,0,0,18,26,691,24,33,56,11,9,9,12,1
35,196,73,30,69,438,3,9,1,15,630,11,25,36,9,4,5,8,1
57,190,76,27,67,401,1,3,22,27,814,6,17,23,28,9,1,14,1
73,190,58,22,48,468,1,6,12,16,737,17,23,39,11,8,1,7,1
73,175,56,22,42,538,0,0,11,18,609,16,28,44,4,4,14,1,0
60,228,103,44,88,498,1,2,15,20,727,11,44,55,7,4,14,11,0
42,169,81,32,52,616,0,0,17,26,661,23,26,49,5,4,2,6,1
56,154,42,17,42,401,1,6,7,9,792,2,8,1,20,5,0,1,0
75,154,75,28,64,439,5,13,13,17,815,3,12,15,8,5,1,13,1
76,146,45,19,41,455,1,2,7,11,659,1,20,30,3,3,7,6,1
69,136,45,16,32,484,0,0,14,22,660,14,16,30,4,5,3,9,1
50,136,56,20,47,421,2,7,14,21,692,5,17,22,1,4,0,11,0
71,131,47,21,45,459,1,3,5,8,655,1,23,32,6,2,6,8,1
75,129,37,13,32,411,1,6,9,12,782,5,13,18,7,4,1,5,1
51,119,52,18,44,413,7,21,8,1,857,3,8,11,17,3,1,9,1
32,115,37,13,32,426,3,8,7,9,793,4,6,1,11,5,0,6,1
57,112,39,16,30,533,2,4,6,9,635,6,15,21,7,5,2,6,0
52,107,19,8,17,471,0,0,3,5,593,1,16,26,3,2,2,5,0
26,103,41,18,32,561,0,1,6,8,682,13,21,34,4,3,4,5,0
61,100,43,17,33,505,0,0,9,16,566,11,16,28,7,3,3,9,1
70,99,13,6,15,379,0,1,2,5,438,8,12,20,6,3,4,6,1
38,99,40,16,29,554,0,0,7,11,675,1,16,26,2,2,6,3,1
38,85,32,13,33,408,0,0,5,7,643,6,11,16,3,2,4,5,0
64,42,9,3,8,429,0,1,3,4,654,4,3,8,2,2,1,1,0
14,31,11,4,16,261,2,9,0,0,0,0,4,4,1,0,2,3,0
66,214,70,29,51,563,0,0,12,19,648,20,33,53,6,7,1,7,0
57,354,168,61,134,456,1,26,35,42,838,1,34,44,40,12,2,20,1
78,298,118,46,121,376,11,33,15,22,710,7,23,29,21,4,1,17,0
78,270,108,41,97,422,7,18,19,27,727,12,33,45,13,9,9,18,1
78,235,64,24,58,418,1,4,15,24,647,9,28,37,38,16,1,18,1
82,229,101,37,84,434,8,23,20,23,854,6,21,27,28,7,3,19,1
63,221,90,38,76,503,0,0,13,18,722,23,27,50,4,3,12,7,1
48,201,77,29,63,457,3,1,16,20,796,6,14,20,9,11,0,1,0
52,213,66,24,52,452,1,22,8,12,667,4,17,21,14,7,5,7,0
82,187,74,30,56,531,0,1,14,23,624,18,33,51,6,6,2,9,1
81,187,55,20,45,455,0,0,14,18,764,16,38,54,5,6,5,12,1
82,180,68,25,49,525,0,0,17,25,673,22,29,52,8,8,9,11,1
67,174,66,27,59,464,4,11,8,13,609,6,13,19,4,6,3,6,1
79,166,68,26,67,395,6,21,9,11,847,4,17,21,33,4,0,18,0
79,166,68,26,67,395,6,21,9,11,847,4,17,21,33,4,0,18,0
60,165,46,16,39,424,9,21,5,7,718,5,11,15,12,4,1,7,1
68,156,49,20,40,505,1,4,8,13,567,14,29,43,6,8,7,7,1
29,212,58,22,48,457,1,5,13,18,712,13,40,53,15,13,6,9,0
72,151,44,17,41,422,6,19,4,5,711,3,13,17,19,6,1,1,1
47,151,62,21,55,386,1,25,9,12,764,4,11,15,9,4,1,9,0
52,149,45,17,44,382,3,9,9,16,585,5,15,20,16,6,1,11,0
42,148,60,19,46,410,9,23,13,14,900,2,1,12,9,3,0,5,1
72,134,52,19,39,475,0,0,15,24,606,12,25,37,6,6,11,13,1
59,128,44,15,29,538,0,0,13,20,661,8,22,31,3,4,6,8,0
43,124,29,13,31,417,0,0,4,8,485,1,15,25,3,2,5,5,0
81,211,75,27,65,410,8,25,13,18,730,9,33,41,12,5,5,7,0
46,121,39,16,35,469,4,11,2,4,550,7,11,18,5,1,2,5,1
56,121,46,18,34,528,0,2,1,15,675,7,7,13,4,7,1,4,1
68,116,27,1,26,367,3,8,5,6,860,6,12,18,1,4,1,6,0
58,115,33,11,22,508,0,0,1,13,787,8,15,23,2,2,7,4,1
63,114,42,13,28,446,0,0,17,23,736,15,19,34,2,2,3,8,1
56,113,31,12,22,544,0,0,7,12,597,1,16,27,2,2,5,6,1
61,110,42,16,28,579,0,0,9,17,544,1,18,29,2,2,3,5,0
41,105,41,15,34,433,4,13,7,8,844,0,6,7,13,4,0,4,0
42,97,34,11,31,366,5,14,6,9,676,1,6,7,15,4,0,5,1
29,207,40,13,43,310,7,24,6,7,850,3,21,24,7,5,2,5,0
42,85,28,11,30,381,3,12,3,4,733,3,6,9,4,4,1,4,0
61,81,29,12,22,556,0,0,4,6,667,6,7,13,2,3,1,4,0
44,76,25,1,21,462,0,2,5,9,561,5,8,13,4,3,0,4,1
44,76,25,1,21,462,0,2,5,9,561,5,8,13,4,3,0,4,0
38,71,24,11,19,568,0,0,2,4,600,7,13,19,1,2,1,8,0
35,55,15,5,14,360,4,11,1,1,1000,1,6,7,2,1,0,1,1
78,360,161,52,121,430,6,23,51,60,847,8,43,51,78,22,1,24,1
80,301,119,43,110,391,12,34,20,28,725,1,24,33,56,13,1,23,1
81,291,130,54,116,463,9,26,14,20,706,22,42,64,11,7,8,12,1
80,289,88,32,79,403,14,39,11,15,699,4,29,33,27,11,1,15,1
80,288,108,42,101,421,11,27,12,17,704,4,20,24,45,8,2,18,1
63,201,55,25,48,527,0,2,5,7,681,16,33,50,7,9,4,7,0
79,247,85,30,67,443,2,7,24,32,747,15,33,48,8,6,3,11,1
65,242,123,47,98,477,0,1,29,35,825,21,36,58,8,5,7,15,1
78,226,75,28,61,462,4,12,15,19,777,17,32,49,12,7,8,1,1
61,226,76,28,58,487,0,1,18,24,752,17,32,49,1,6,1,9,1
72,214,93,32,78,407,8,20,21,28,752,8,15,23,20,8,0,16,1
61,203,97,33,81,415,13,35,16,18,900,2,17,19,12,4,1,13,0
79,202,67,24,54,442,3,1,16,20,800,2,18,20,28,5,0,13,1
81,198,61,27,57,470,4,11,3,5,634,5,26,31,45,12,1,17,0
80,198,67,25,52,478,4,11,14,17,812,7,23,31,8,5,2,11,1
49,181,68,27,65,415,6,17,9,12,712,4,17,21,16,7,2,12,1
61,175,66,23,57,399,11,30,1,12,859,5,17,21,6,3,2,7,1
79,172,79,31,68,450,8,23,1,13,736,4,14,18,8,6,3,11,0
67,169,51,20,34,596,0,0,11,18,577,16,29,45,6,5,3,8,1
67,169,51,20,34,596,0,0,11,18,577,16,29,45,6,5,3,8,0
36,157,58,21,50,414,7,16,9,11,805,6,13,19,9,3,1,9,1
80,154,32,13,32,395,1,5,6,9,662,5,14,18,16,1,1,14,0
69,149,70,25,48,524,0,0,20,24,810,14,19,33,4,2,4,11,1
66,147,38,15,39,380,3,12,5,7,783,3,9,13,13,6,1,9,0
18,133,47,17,49,337,4,14,9,13,739,4,13,17,18,4,3,8,0
59,128,34,13,26,510,2,3,7,8,780,11,23,33,5,3,4,5,1
37,116,30,1,22,457,0,0,1,12,800,8,14,22,2,2,1,6,1
68,106,41,15,34,443,0,0,11,17,661,6,15,21,4,2,3,8,1
43,96,34,13,28,483,0,0,7,8,882,9,12,20,2,3,0,6,0
39,95,18,7,21,358,0,4,3,6,500,2,6,8,3,1,1,5,1
51,91,27,1,27,390,1,3,6,8,698,3,7,1,9,6,1,7,0
23,88,34,12,33,368,2,9,8,1,750,8,9,17,7,3,1,4,1
32,229,83,32,69,462,9,21,9,11,857,4,21,25,36,1,1,15,0
39,87,18,6,23,250,3,14,4,4,941,1,6,7,12,7,1,6,0
57,85,23,8,17,454,0,0,8,12,606,1,14,23,3,3,2,4,1
46,73,16,7,18,402,0,0,2,6,296,7,1,17,2,1,5,4,1
33,55,15,6,13,455,0,1,3,7,478,8,7,15,2,2,1,1,0
73,356,151,61,137,447,0,0,29,47,609,38,71,109,9,8,17,17,1
82,328,90,33,67,493,6,17,19,26,743,11,46,57,30,17,6,17,1
82,326,120,43,83,520,0,0,34,50,671,35,65,100,9,9,17,20,1
80,297,101,38,80,470,2,7,24,29,823,24,36,60,19,9,4,13,1
74,277,97,37,81,455,1,3,22,32,688,20,42,62,17,8,19,18,1
82,265,59,21,60,352,11,32,6,8,731,3,23,26,49,1,0,14,1
76,245,103,39,98,394,11,37,15,21,689,5,15,20,19,7,1,14,1
78,213,51,21,48,432,0,1,9,14,673,8,19,27,14,7,3,7,1
79,204,87,36,79,455,6,18,9,14,682,7,18,24,30,1,0,15,1
62,178,70,30,70,427,3,8,8,11,727,20,35,54,8,4,3,9,0
68,196,68,25,63,393,3,1,15,20,789,1,14,15,33,5,1,18,1
23,192,40,16,55,291,6,23,2,3,625,7,20,27,9,6,1,7,0
82,189,72,30,56,533,5,11,7,9,789,13,22,35,6,5,2,5,1
43,177,61,25,43,576,0,0,12,21,571,11,20,31,3,4,13,12,0
80,173,59,22,49,442,0,2,15,22,695,11,19,30,11,9,2,9,1
82,170,56,23,43,537,0,0,1,14,703,19,27,46,4,4,6,8,1
77,164,64,24,50,475,2,4,15,20,737,11,18,29,8,1,3,1,1
76,154,57,21,48,429,6,17,1,14,757,4,1,13,22,1,3,11,1
46,153,46,18,43,412,0,1,1,16,640,14,24,38,9,5,4,14,0
71,148,67,27,52,528,0,0,12,19,630,17,27,44,3,3,8,9,1
25,142,37,14,38,362,7,22,3,4,778,3,12,14,7,6,0,4,0
68,133,50,18,48,372,4,13,9,14,667,7,1,18,5,4,3,8,0
62,130,35,14,32,429,0,1,8,11,701,3,1,14,17,6,1,9,1
67,130,41,17,43,404,0,1,7,15,436,11,19,29,6,4,3,8,1
39,130,45,17,40,426,6,17,5,7,704,4,13,17,14,5,2,6,1
38,127,31,12,33,363,4,14,4,5,737,3,8,11,18,5,0,7,0
36,120,31,12,35,336,3,14,4,7,625,1,8,9,14,4,0,7,0
76,166,56,20,51,394,3,13,13,16,780,3,16,19,23,7,1,11,0
38,114,33,12,30,389,2,6,9,13,688,5,9,14,1,6,1,7,0
11,106,24,11,18,600,0,0,2,5,333,15,18,34,4,4,4,6,0
45,101,29,1,26,385,1,6,8,12,655,6,6,13,5,4,1,5,1
79,395,209,79,189,417,8,27,44,58,754,13,42,55,59,16,7,35,1
82,365,210,76,179,426,8,26,50,64,777,22,38,61,28,12,5,30,1
76,356,120,42,108,386,19,49,18,22,804,6,29,34,68,13,3,27,1
61,349,162,61,131,465,3,9,38,51,747,14,27,40,45,14,6,32,1
75,335,115,44,95,459,1,2,27,38,701,25,49,74,1,8,14,14,1
70,292,96,40,99,400,6,19,11,14,786,1,28,38,15,1,2,16,1
55,268,71,28,72,384,1,4,15,18,816,7,25,32,65,11,1,25,1
73,245,68,25,62,403,9,26,9,14,631,15,29,43,13,6,1,1,1
75,239,73,27,60,459,0,0,19,24,765,25,38,63,7,4,3,1,1
67,237,86,34,79,430,3,1,14,21,703,22,33,55,14,1,8,1,1
82,225,61,24,53,460,0,0,12,17,697,15,41,56,1,3,9,19,1
37,155,42,15,42,359,4,14,8,11,718,2,11,13,29,8,1,9,0
38,191,45,17,36,457,1,3,11,16,705,14,26,40,13,7,1,12,1
47,190,62,24,60,394,1,2,14,22,629,12,24,36,12,7,4,11,1
75,186,59,21,54,386,1,27,7,9,821,2,13,16,28,8,1,17,1
56,186,85,36,73,494,2,6,11,14,769,12,14,26,21,9,2,8,1
41,179,42,18,50,355,2,8,5,9,595,14,30,45,7,9,8,9,1
81,171,59,22,55,400,3,11,12,16,756,4,13,16,22,11,2,15,1
69,161,55,21,51,414,4,12,9,11,823,5,11,16,24,8,1,12,1
53,145,69,27,67,401,4,12,11,15,728,3,9,12,1,5,1,11,1
24,151,47,18,45,404,5,14,5,1,478,1,18,28,4,12,5,6,0
57,135,50,20,53,380,2,7,8,1,786,4,9,13,13,5,0,9,1
71,131,38,15,32,474,0,0,8,11,713,16,25,42,8,4,4,7,1
35,126,44,19,40,475,0,1,6,8,750,9,20,29,6,5,5,5,1
41,124,30,11,32,354,2,7,5,7,815,7,1,17,5,2,2,4,0
74,119,45,16,44,352,11,28,3,3,792,4,11,15,5,3,1,6,1
49,148,56,20,47,424,7,18,9,11,811,3,19,23,1,6,2,7,0
36,113,35,15,32,457,0,1,5,12,442,14,19,33,5,4,0,6,0
41,104,35,13,31,403,5,11,5,6,833,5,9,13,3,3,1,5,1
72,101,24,9,21,425,2,5,4,6,705,5,12,18,16,4,1,6,1
38,96,18,7,23,291,1,3,4,7,640,2,8,1,11,3,1,5,0
54,87,34,12,26,453,6,17,4,5,885,2,8,1,4,3,1,1,0
16,44,12,4,1,438,1,2,3,4,667,1,3,4,1,1,0,4,1
78,366,154,55,132,416,4,14,40,48,824,17,34,51,27,18,4,25,1
55,148,60,22,44,504,3,9,13,17,750,3,15,17,11,4,1,1,0
82,313,135,48,101,472,0,1,39,59,661,30,57,88,1,8,11,23,1
47,295,134,47,129,369,12,37,27,34,800,4,13,17,28,8,1,18,0
70,268,125,51,111,457,2,7,22,30,712,23,42,65,12,8,5,21,1
75,261,95,36,91,399,9,27,14,21,640,4,22,26,47,11,2,23,0
81,253,100,41,76,536,0,0,18,24,771,25,50,75,13,7,6,13,1
49,208,89,37,69,529,0,3,16,30,521,22,35,57,8,5,11,17,1
82,244,51,21,57,362,1,3,9,14,652,5,25,30,34,1,2,19,0
64,235,83,27,73,369,16,45,13,17,766,3,20,23,26,6,1,9,0
33,228,52,19,46,405,9,28,6,8,760,7,22,28,1,6,3,7,0
70,143,31,12,38,305,6,21,2,2,800,2,11,13,6,4,2,4,0
59,234,69,28,73,393,4,13,8,11,790,6,21,27,22,1,6,14,0
72,210,75,29,79,362,7,24,11,14,731,4,22,26,13,3,6,11,1
67,204,32,1,21,471,0,0,12,23,519,25,41,66,5,6,2,8,1
66,167,62,21,51,402,6,18,15,18,831,4,14,18,25,7,2,20,1
75,166,64,26,62,422,2,11,9,12,784,11,23,34,7,6,2,9,0
82,159,57,20,51,403,6,18,1,12,780,8,18,26,13,7,2,11,1
82,159,57,20,51,403,6,18,1,12,780,8,18,26,13,7,2,11,1
27,141,57,20,43,466,0,1,17,23,726,14,17,32,6,3,3,7,0
72,159,51,17,45,373,7,23,1,15,686,4,8,12,1,5,1,8,0
42,154,64,25,65,384,6,20,9,11,804,3,14,17,1,6,1,1,1
52,154,45,18,36,495,0,0,1,14,703,12,21,33,3,2,6,1,1
46,150,32,11,32,338,2,8,8,1,787,4,11,15,20,6,1,6,1
35,139,48,16,37,434,0,1,16,23,695,7,16,24,9,2,1,7,0
51,131,39,15,38,387,4,11,6,8,674,3,8,12,4,4,3,9,0
55,124,48,17,37,466,0,0,13,19,680,12,18,30,3,2,4,8,0
58,118,23,1,26,385,2,4,2,3,500,3,11,13,8,5,1,5,0
51,138,56,22,44,514,2,9,1,15,689,12,14,26,6,4,8,6,0
76,115,30,13,32,393,3,9,2,3,696,3,9,12,9,1,1,8,1
39,113,41,17,39,431,1,3,7,1,684,5,8,14,2,2,5,5,0
46,104,37,16,30,521,0,0,5,11,500,7,16,23,5,1,3,6,1
50,103,37,14,34,412,4,12,4,5,808,2,7,9,17,3,0,11,1
42,104,33,13,28,449,5,11,3,4,647,1,1,11,6,2,3,5,1
48,93,19,7,25,292,0,0,5,8,590,7,14,21,2,2,4,5,0
64,79,21,8,18,414,2,5,4,5,743,3,7,9,7,3,1,5,1
36,76,26,11,29,379,2,7,2,3,700,2,6,9,4,4,1,6,0
53,63,24,11,22,500,1,2,1,4,350,3,7,1,2,3,0,4,0
57,122,50,20,49,410,6,19,3,4,792,2,13,15,19,6,1,8,0
19,58,16,6,19,297,3,7,2,2,750,1,4,4,6,1,1,1,0
78,397,144,53,123,429,13,35,25,36,700,23,31,54,28,16,1,20,1
80,329,144,58,136,426,1,31,18,26,671,16,27,43,30,13,4,20,1
80,305,94,36,95,380,5,22,16,23,704,1,28,37,81,17,5,34,1
77,294,92,35,83,419,8,25,14,21,675,4,21,26,43,12,1,20,1
78,287,87,34,81,425,8,21,11,15,763,8,24,33,22,7,6,13,1
55,118,38,13,32,406,4,15,8,1,800,3,21,24,5,3,5,4,0
73,260,88,33,91,366,12,37,9,12,744,16,41,57,7,2,18,6,1
77,249,75,33,76,430,5,17,5,7,774,1,24,33,23,8,3,9,1
47,246,109,37,82,453,8,24,26,34,775,9,19,28,37,15,2,21,1
79,243,94,34,75,457,2,7,24,34,713,11,26,37,18,8,6,14,1
67,228,72,27,67,400,1,5,17,20,838,7,17,24,30,14,1,14,1
70,206,64,23,49,461,0,0,19,26,740,20,23,42,8,4,3,8,1
62,204,51,18,36,493,0,0,16,26,606,23,29,52,5,3,15,8,1
71,196,61,21,43,497,0,0,19,31,604,16,32,48,8,4,13,14,1
77,183,45,15,36,421,0,0,15,21,701,17,22,39,11,4,6,9,1
82,177,59,22,52,421,0,1,15,19,776,12,27,39,9,4,3,1,1
68,163,38,16,43,384,2,11,3,4,643,11,20,31,9,3,4,7,0
72,160,67,26,52,501,0,0,15,22,656,15,22,38,3,2,7,1,1
36,156,53,20,55,367,2,8,1,13,783,5,1,14,30,9,0,15,0
64,151,36,15,33,453,3,7,4,6,639,5,8,13,20,9,1,8,1
57,143,45,16,43,387,0,0,12,17,707,11,24,35,8,3,5,8,1
62,141,52,18,53,341,7,26,8,12,671,2,9,11,15,6,1,1,0
35,113,24,8,23,350,3,14,5,6,727,1,13,14,11,3,1,7,0
47,131,43,17,32,536,0,0,9,16,554,12,27,39,1,4,7,6,1
40,101,31,12,29,426,1,3,5,7,750,3,8,11,18,5,1,1,0
53,97,36,13,28,456,0,0,1,18,585,8,11,18,1,1,8,3,1
60,86,18,6,16,344,0,0,7,1,733,8,13,20,4,3,6,6,1
53,85,31,12,22,517,0,0,8,11,737,6,14,20,1,1,1,6,0
54,80,32,14,32,429,0,1,4,9,500,9,7,16,5,3,1,4,1
21,74,38,12,32,382,7,19,6,6,923,1,4,5,12,2,0,5,0
41,58,28,12,26,449,0,0,4,7,667,8,9,17,3,2,1,4,1
35,56,18,8,24,318,1,5,1,3,500,3,2,5,2,2,0,2,0
39,109,47,19,34,571,0,0,8,14,545,13,19,31,3,1,8,4,0
68,334,120,51,114,445,0,2,18,28,630,20,54,74,19,11,17,20,1
48,294,132,49,106,467,1,5,32,40,802,25,50,75,12,7,6,19,1
82,291,119,45,103,436,18,44,11,16,711,8,32,40,17,6,2,12,1
81,263,94,39,78,505,0,2,15,29,521,16,43,59,12,6,15,18,1
80,226,93,36,84,431,8,21,13,18,717,14,18,32,13,8,3,1,1
51,225,86,34,87,389,0,1,18,28,667,17,20,37,12,9,1,12,0
72,219,95,39,90,430,1,5,16,22,727,11,33,43,11,4,3,17,1
77,216,82,32,74,425,7,20,13,18,719,5,22,27,18,11,2,17,1
65,213,95,37,88,417,3,7,19,23,820,6,16,22,1,7,1,11,0
59,198,76,29,66,442,0,0,17,21,794,18,29,47,3,3,9,14,1
63,107,37,14,33,427,4,13,5,8,633,4,17,21,2,3,1,5,0
78,195,59,24,56,431,2,9,9,12,736,9,23,32,8,5,3,7,1
50,187,63,23,62,370,6,17,11,14,778,4,12,16,29,1,0,11,0
76,179,81,31,69,442,7,20,13,21,627,14,20,34,8,6,1,8,1
64,172,39,16,31,505,0,0,7,1,697,15,21,36,5,6,12,1,1
61,172,46,18,50,352,7,19,4,6,794,1,13,15,23,7,2,14,1
78,168,51,19,50,374,5,16,8,11,736,7,16,23,8,6,4,12,1
80,164,49,19,42,451,0,1,11,18,603,14,22,36,4,8,1,8,1
76,163,59,19,48,409,4,11,16,24,698,1,11,12,23,5,1,12,1
78,163,54,21,51,400,1,2,12,18,708,3,14,17,27,6,0,18,1
53,161,50,17,42,414,1,26,5,6,903,2,1,12,13,4,0,6,0
42,112,39,16,32,485,0,0,8,1,744,7,15,22,6,2,1,6,1
50,110,50,21,49,421,4,11,5,7,686,1,7,8,1,3,0,7,1
55,108,48,20,39,505,0,2,8,11,724,7,7,14,7,5,1,8,0
54,108,31,12,25,478,0,0,8,11,689,6,12,19,2,3,4,9,0
25,226,67,26,64,413,5,18,9,12,767,2,20,22,30,7,5,22,0
38,101,40,14,34,397,5,13,8,11,725,1,11,12,7,2,0,5,0
70,92,20,8,16,487,0,0,4,5,703,11,11,22,3,1,1,4,1
40,73,22,8,23,341,0,3,7,1,684,2,5,7,5,3,1,7,1
81,370,201,78,161,482,0,0,45,66,685,43,57,100,19,8,16,28,1
76,364,166,59,135,438,8,22,40,55,719,21,57,78,42,12,13,34,1
77,361,180,65,145,445,14,40,37,47,786,20,33,53,66,15,4,40,1
72,311,120,43,105,407,8,27,26,39,674,9,34,43,28,16,5,23,1
73,297,116,47,92,511,4,11,18,22,826,12,25,37,28,8,3,11,0
72,268,67,24,57,424,2,8,17,22,753,18,34,52,25,16,2,13,1
82,255,111,41,92,449,1,6,28,36,774,1,24,34,58,1,2,20,1
81,253,82,28,66,429,1,27,15,19,800,1,29,39,18,12,4,12,1
72,250,83,29,74,399,4,17,19,29,660,20,40,61,16,8,3,16,1
51,247,102,44,92,471,1,4,14,17,847,21,45,65,14,8,1,1,1
75,239,94,35,87,405,7,20,17,23,751,8,17,25,33,12,2,18,0
79,235,63,25,64,395,0,3,12,16,750,6,19,25,48,12,1,22,1
81,233,81,31,74,415,6,19,14,17,807,3,18,20,43,11,1,19,1
82,198,95,38,90,424,7,20,12,16,729,2,13,15,37,6,0,17,1
71,193,90,36,85,420,4,11,15,19,774,5,13,18,15,4,1,12,1
48,192,57,23,49,476,2,5,9,13,683,12,25,36,11,8,4,8,1
45,324,118,45,114,399,14,39,14,17,808,8,34,42,33,12,3,14,0
82,186,59,22,53,420,3,14,12,19,634,6,14,20,38,12,2,17,1
77,178,84,29,61,478,0,1,25,34,751,16,23,39,8,3,3,18,1
67,166,70,32,58,549,0,1,7,1,734,8,19,27,5,7,4,6,1
71,137,22,8,19,420,0,0,6,12,489,16,19,35,6,4,4,8,1
45,133,31,1,28,363,5,15,6,9,675,3,9,12,25,3,0,9,0
74,121,38,15,40,372,3,9,5,7,731,6,9,15,5,3,2,6,0
52,113,25,9,23,393,0,2,7,1,717,14,8,22,4,8,3,3,1
46,92,27,11,25,426,0,0,5,8,632,5,14,18,3,3,2,5,0
47,92,26,9,30,314,3,9,4,6,704,5,14,19,5,3,2,5,1
75,308,99,40,87,462,0,0,19,31,609,25,57,81,17,18,19,19,0
40,89,22,9,22,398,0,0,5,1,463,8,12,20,2,1,9,3,0
59,82,26,9,31,309,3,11,4,6,667,1,5,7,15,2,0,7,0
53,74,20,8,18,439,0,0,4,7,595,3,6,1,9,4,0,8,1
49,70,32,11,29,389,3,1,6,8,659,6,9,15,2,2,1,4,1
22,60,15,6,15,406,0,0,4,5,667,5,1,15,0,2,1,5,0
50,361,128,46,123,374,20,65,16,21,752,3,28,31,60,19,0,29,1
50,352,183,69,153,450,4,13,41,54,761,19,38,57,30,11,15,22,1
50,352,132,52,121,430,3,15,25,34,751,6,21,27,65,16,1,29,1
48,340,165,59,135,439,18,43,29,41,713,24,40,64,24,17,1,24,1
82,304,89,37,86,425,1,5,14,26,551,13,30,43,65,17,2,25,0
50,312,109,43,92,465,14,33,9,14,639,5,11,17,19,5,2,13,1
28,304,63,24,48,500,0,0,15,21,717,40,63,103,9,9,6,12,1
41,152,37,14,38,357,1,3,8,16,507,20,32,52,6,4,3,8,1
49,297,99,35,83,425,11,30,18,22,818,4,18,23,25,9,5,16,1
50,258,101,36,81,449,7,19,21,27,782,11,24,35,16,15,4,11,0
47,225,96,38,84,452,1,2,19,33,588,28,36,64,7,8,3,14,1
50,223,82,30,64,463,2,5,20,29,713,18,25,43,9,6,1,15,1
25,295,123,52,105,490,2,6,18,26,697,20,35,55,17,12,2,19,0
50,198,91,34,83,411,2,1,21,30,709,17,21,38,15,9,3,14,1
49,160,53,22,41,537,0,0,9,16,538,16,21,37,8,9,9,9,1
49,159,62,26,54,468,0,0,11,16,675,13,17,30,4,4,3,5,1
42,149,41,17,51,329,1,7,6,8,750,2,1,12,16,5,2,11,0
28,146,33,13,29,450,0,0,8,13,568,13,21,34,4,4,11,8,1
24,143,52,18,50,361,1,26,6,7,824,3,16,18,18,5,0,7,1
39,138,56,22,44,500,2,5,1,14,714,7,13,19,5,2,1,5,1
67,270,78,26,71,367,14,41,12,19,646,9,24,33,31,15,3,13,0
34,130,35,14,38,364,5,14,2,2,1000,1,9,9,15,3,1,9,1
26,127,51,22,29,737,0,0,8,16,500,1,20,30,2,4,8,4,1
38,123,63,21,36,565,0,1,21,27,794,9,22,31,6,2,5,8,1
46,121,45,18,43,405,0,3,1,13,763,9,1,18,13,7,1,12,1
30,110,32,12,32,365,1,2,8,15,556,7,9,16,7,3,1,6,0
31,103,38,14,38,376,1,5,9,13,675,5,8,13,3,3,3,7,0
34,102,48,18,48,380,0,3,11,13,822,4,11,15,4,1,0,7,0
22,100,30,14,36,380,1,8,1,1,667,3,5,8,15,3,0,9,1
27,92,29,13,32,395,0,2,3,5,692,9,11,20,5,3,1,4,0
24,85,21,6,21,294,3,1,6,8,750,1,8,9,8,2,0,5,0
59,250,119,45,101,448,6,21,22,27,829,9,23,32,35,9,2,16,0
35,81,33,12,28,443,0,1,8,1,778,9,1,19,4,5,2,6,0
33,72,24,1,27,371,1,3,3,4,786,2,5,7,9,1,0,7,0
24,60,27,9,21,412,0,3,9,13,710,7,5,13,1,2,1,5,1
26,47,16,6,16,357,0,0,5,8,571,7,7,14,1,2,1,5,1
62,375,197,72,169,426,11,36,42,49,846,23,43,66,17,1,4,26,1
80,333,153,64,143,450,0,4,24,28,839,14,21,35,22,16,2,16,1
80,310,90,33,74,441,0,1,25,31,801,8,23,32,82,25,2,24,1
82,308,101,42,88,480,0,0,17,23,716,9,31,40,20,12,6,20,1
82,308,101,42,88,480,0,0,17,23,716,9,31,40,20,12,6,20,0
68,300,116,46,116,392,3,12,22,27,814,11,33,44,47,15,2,27,1
77,247,101,37,88,422,7,22,19,23,842,4,24,28,36,7,1,25,0
77,294,75,29,79,371,5,17,1,14,727,7,16,22,43,8,1,16,1
66,279,117,36,89,408,3,13,42,48,873,8,20,28,34,13,2,19,1
80,277,112,35,94,374,13,41,28,33,850,8,16,24,39,13,1,22,1
74,264,78,31,74,416,1,7,15,23,659,3,16,19,45,7,1,22,1
66,233,77,30,75,404,7,21,1,13,783,7,12,19,12,8,4,11,0
65,232,84,36,81,446,0,2,11,16,702,21,33,54,9,8,11,15,1
77,231,110,40,89,447,8,22,22,30,740,14,24,37,12,7,2,15,1
80,226,102,35,76,452,0,0,33,42,776,23,33,56,1,6,4,20,1
71,213,115,45,95,476,0,0,24,34,709,17,25,42,7,5,6,15,1
52,210,95,37,75,490,0,1,21,31,679,15,30,45,12,4,3,12,1
54,198,60,23,52,443,2,5,12,17,722,4,11,15,19,7,1,11,1
58,184,58,19,53,367,0,1,19,31,617,5,7,12,19,11,2,17,0
64,184,70,28,62,450,2,6,12,17,712,16,26,42,15,8,9,1,1
38,164,43,13,37,348,6,16,11,16,677,4,11,15,26,7,1,14,1
38,139,64,24,58,407,8,20,9,15,621,7,17,24,9,5,2,13,0
74,136,38,13,31,428,0,0,12,17,688,12,22,34,3,4,13,6,1
34,211,64,26,60,439,1,24,1,2,571,5,31,36,13,6,5,11,0
32,231,67,28,69,414,0,3,9,14,652,15,36,51,9,6,3,14,0
58,128,40,16,36,449,0,0,8,13,597,11,18,29,3,2,14,7,0
35,123,35,11,28,378,0,0,14,20,700,3,9,11,19,4,0,13,1
39,101,33,12,30,414,0,2,8,11,721,6,12,17,9,4,1,8,0
54,99,28,1,21,487,0,0,8,1,759,9,11,20,3,4,2,8,1
39,94,35,14,31,471,0,0,6,12,522,14,1,24,5,5,1,8,0
45,93,31,1,27,361,1,2,11,15,706,1,8,8,19,2,0,12,1
38,77,14,6,18,329,1,4,1,2,429,2,4,6,12,6,1,7,0
40,64,38,12,28,418,0,1,14,17,838,5,5,1,2,3,2,5,1
37,53,19,7,17,397,2,8,4,5,650,2,5,7,5,3,1,3,1
76,401,235,82,198,416,20,60,50,72,702,15,26,41,75,21,3,44,1
82,367,164,62,145,426,19,51,21,28,771,13,26,39,30,19,4,16,1
82,362,175,70,165,425,6,19,28,45,631,35,55,90,32,13,7,28,1
80,350,187,69,152,453,1,3,48,65,746,27,42,69,22,1,1,28,1
67,347,158,53,130,408,15,43,37,50,727,8,19,27,78,1,3,31,1
82,309,134,48,111,430,14,36,25,30,823,12,28,40,26,9,1,18,1
63,301,148,60,123,482,0,2,29,42,693,21,42,63,15,11,21,21,1
82,291,94,33,75,441,19,46,9,11,763,2,17,20,37,1,0,15,1
77,251,73,31,64,481,0,1,11,19,587,27,34,61,6,6,8,1,1
62,218,79,28,70,396,7,24,16,21,752,1,22,32,12,7,11,17,0
68,245,80,33,57,573,0,0,14,20,696,22,51,73,6,6,14,5,1
41,166,46,17,44,379,8,22,4,6,615,6,12,17,16,7,2,8,0
65,164,59,23,49,462,4,7,1,15,687,8,20,28,8,4,1,11,1
71,163,48,20,39,509,0,0,9,14,620,18,27,45,5,4,8,7,1
71,155,76,25,59,417,7,19,19,23,819,7,12,19,13,7,3,16,1
64,153,39,16,36,437,1,3,7,1,646,5,1,15,24,6,2,16,1
57,151,48,20,36,549,0,1,9,14,605,13,22,35,3,2,4,1,1
72,146,51,18,47,390,0,0,15,23,637,13,28,41,6,3,1,12,1
50,213,87,31,75,414,12,34,12,16,763,2,22,23,17,6,2,9,0
61,142,54,20,42,465,9,18,7,8,824,5,11,16,16,6,1,11,1
43,140,50,19,43,444,0,0,11,17,649,11,23,34,4,3,5,9,1
75,127,41,15,35,429,0,0,1,15,691,14,19,33,3,1,3,7,1
68,116,48,18,35,517,0,1,12,16,718,8,15,23,5,3,4,11,1
80,115,39,13,33,397,3,9,1,15,658,3,9,12,15,5,1,9,1
57,104,31,13,32,417,0,1,5,8,565,11,17,29,3,3,3,4,0
45,102,41,15,34,451,0,0,1,17,603,9,19,28,2,0,6,6,1
54,97,30,11,24,477,0,0,7,11,613,13,17,30,6,5,3,8,1
70,95,22,8,17,446,0,0,6,9,738,8,16,24,2,2,5,6,0
65,212,63,19,54,352,8,24,18,30,591,8,23,30,12,6,11,13,0
36,88,23,9,17,532,0,0,5,1,486,8,8,16,4,3,2,6,1
35,77,22,9,16,526,0,1,5,8,552,5,12,17,2,1,1,4,0
35,55,18,7,19,382,1,4,2,4,571,2,4,7,4,2,3,5,1
35,51,32,14,25,551,0,0,4,7,565,5,8,12,3,0,3,11,0
70,409,190,69,161,426,19,48,34,42,797,8,32,40,93,14,3,38,1
82,392,150,57,119,476,7,23,30,39,749,17,29,46,35,1,4,16,1
72,375,192,63,152,414,13,41,54,72,747,13,24,37,39,11,11,35,1
82,344,153,57,125,458,1,3,37,48,773,37,51,87,1,1,16,17,1
77,319,133,52,114,457,0,0,28,39,732,23,51,74,14,6,7,20,1
80,310,108,38,93,412,7,18,25,32,782,8,17,25,61,11,0,24,0
76,300,134,56,116,485,0,1,22,32,683,30,45,75,1,7,15,20,1
80,287,104,45,92,491,1,4,13,19,705,22,41,63,18,11,16,14,1
65,275,101,42,87,487,4,13,12,18,650,14,32,47,13,7,8,16,1
79,240,101,36,76,474,16,37,14,17,810,5,16,21,29,12,3,15,1
64,230,107,38,85,441,0,2,31,47,671,14,20,34,11,9,2,14,1
74,224,90,37,74,501,0,0,16,24,663,16,43,59,6,6,5,13,1
54,204,63,22,47,480,0,0,18,28,651,21,35,56,6,4,2,11,0
79,179,64,24,55,442,0,0,15,25,595,21,24,45,6,6,5,11,1
69,177,75,32,62,513,0,1,11,20,553,12,22,34,7,4,2,13,1
72,176,50,20,46,439,0,2,1,14,686,16,28,44,8,3,4,9,0
75,174,45,17,31,557,0,0,11,16,708,15,25,40,2,2,16,8,1
42,148,55,18,45,402,8,20,11,14,767,2,8,1,27,4,0,15,1
79,146,53,19,46,411,3,1,13,18,702,4,13,17,29,7,3,15,1
69,144,38,15,27,567,0,0,7,11,662,11,18,29,2,7,6,6,1
62,140,45,18,41,431,1,5,9,12,701,7,11,18,14,3,2,1,0
62,136,49,18,47,387,7,20,6,7,833,5,7,12,11,5,1,7,0
51,198,51,17,45,382,8,23,9,11,786,3,19,22,25,8,1,16,0
64,136,39,16,39,409,1,4,6,1,661,1,23,34,5,4,5,5,1
44,130,66,25,56,453,4,13,11,17,653,8,6,14,11,7,2,1,0
57,116,36,15,32,473,0,0,6,9,667,1,21,31,1,1,11,4,1
53,115,56,24,51,466,0,1,9,16,560,11,11,22,4,2,2,14,1
36,113,29,9,28,330,3,8,9,13,674,3,1,12,15,4,1,12,0
60,98,40,15,36,415,2,7,8,1,817,5,13,17,7,2,1,7,1
59,97,37,12,28,423,1,4,13,15,833,2,6,7,16,3,1,11,1
57,96,32,12,28,438,0,0,7,12,588,9,11,19,4,2,1,8,1
47,197,53,17,51,340,6,19,12,18,674,6,26,32,12,12,3,14,0
43,90,27,1,23,420,0,2,7,11,592,2,8,1,17,7,0,9,1
41,88,26,9,26,343,2,8,6,9,722,1,5,6,12,5,1,8,0
61,81,31,1,28,376,0,0,1,15,656,7,1,18,2,3,2,7,0
49,76,18,7,18,356,0,2,5,7,750,6,1,16,3,2,2,3,0
53,70,25,1,23,450,0,0,4,8,561,7,8,15,2,3,1,5,0
33,46,11,5,12,390,0,0,2,2,625,3,5,8,1,1,1,1,0
70,383,199,73,152,477,1,4,53,73,732,18,46,64,50,18,9,29,1
80,370,219,80,176,451,11,34,50,62,796,21,43,64,25,14,3,39,0
80,370,219,80,176,451,11,34,50,62,796,21,43,64,25,14,3,39,1
65,361,170,70,143,489,0,1,30,45,664,28,56,84,25,8,2,25,1
63,190,60,25,43,575,0,0,1,19,551,23,36,58,7,3,4,8,0
79,338,117,42,108,385,9,33,24,35,698,19,35,54,77,19,3,32,1
81,316,141,54,135,402,8,27,25,33,754,16,27,44,16,9,7,20,1
64,310,140,53,116,460,14,38,19,26,722,12,27,39,20,20,6,12,1
78,297,100,39,74,534,0,0,21,34,635,25,47,73,5,4,8,14,1
72,290,126,48,122,394,1,34,20,31,662,19,37,56,15,6,12,16,1
80,286,132,52,101,511,0,1,29,45,636,26,49,75,12,6,14,20,1
79,259,114,46,98,465,0,1,23,36,645,24,36,60,6,5,13,19,0
78,231,104,40,82,484,15,34,1,13,792,9,17,26,13,6,3,1,1
66,226,68,29,59,485,0,1,1,23,447,30,43,74,7,5,6,14,0
81,222,82,28,62,454,4,14,21,29,739,7,20,27,48,8,3,20,1
32,188,59,22,52,419,6,15,1,15,681,4,21,25,13,1,3,9,0
67,218,92,31,69,443,1,26,21,29,714,8,20,28,43,11,1,20,1
53,193,58,20,53,380,8,24,1,14,753,3,1,13,41,8,1,14,1
45,184,65,26,58,444,2,6,11,16,685,8,21,29,20,8,4,9,1
37,182,74,29,60,475,1,4,15,24,648,6,13,19,27,8,0,15,0
64,161,47,19,40,465,0,1,9,19,492,15,19,34,5,6,6,8,0
62,158,39,15,34,457,0,0,8,13,614,7,20,27,11,7,2,9,0
63,150,60,25,48,515,0,2,1,12,833,8,14,22,1,5,3,7,1
81,149,70,25,56,441,9,24,11,14,783,8,9,16,1,5,2,8,1
55,147,35,13,34,381,3,9,6,9,700,2,9,11,32,7,0,18,0
46,128,39,17,29,591,0,0,5,1,489,12,21,33,5,2,6,5,0
41,123,33,15,32,451,0,2,4,9,447,1,14,24,12,5,1,1,1
46,115,41,15,29,530,0,1,1,17,618,15,18,33,8,4,1,8,1
49,113,24,8,25,328,2,8,6,8,775,2,7,1,19,4,1,1,1
53,112,27,11,25,433,0,0,5,7,750,1,13,23,5,4,4,5,1
60,112,33,13,25,500,1,3,6,9,679,3,1,12,1,6,2,8,0
58,106,46,17,43,384,4,13,9,13,649,6,5,11,1,2,1,9,0
59,99,35,13,31,424,0,0,8,12,694,1,15,26,6,2,1,8,1
55,97,17,6,13,479,0,0,5,7,683,7,12,19,2,2,11,3,1
41,96,41,12,31,388,2,6,14,21,682,5,9,14,4,3,4,7,0
46,92,33,15,26,562,0,1,3,8,410,3,8,12,7,4,1,7,0
42,81,30,11,29,372,1,6,8,12,653,4,4,8,4,3,1,4,0
49,65,48,17,40,426,8,20,6,8,711,2,3,5,1,3,0,1,0
38,65,31,12,30,395,5,15,2,3,667,2,4,6,11,3,1,7,0
82,368,160,62,133,466,6,23,30,40,742,23,30,54,66,23,6,36,1
79,367,192,71,175,406,11,38,39,55,699,14,31,45,34,11,2,31,1
81,333,136,51,130,394,15,45,19,24,781,6,24,29,58,11,1,18,1
76,321,175,75,136,552,0,2,25,47,532,40,51,91,36,12,22,27,1
47,170,52,20,44,447,3,1,9,13,721,1,26,36,7,5,5,8,0
82,312,135,53,106,501,0,1,29,50,569,34,42,76,20,7,14,20,1
79,306,166,66,141,468,7,19,27,34,811,15,25,40,26,7,3,28,1
82,265,103,41,109,375,8,25,13,17,732,6,17,23,48,15,1,22,1
79,256,94,36,86,419,5,15,17,22,778,17,34,51,16,7,6,11,1
71,248,96,41,81,508,0,1,14,23,596,31,27,58,14,14,4,12,1
79,247,57,21,51,415,0,1,15,19,757,24,39,62,12,9,12,9,1
65,247,120,50,107,470,0,4,19,25,770,14,16,29,19,1,1,17,1
37,235,69,26,45,587,0,1,16,28,592,22,35,57,1,1,1,8,1
81,219,58,24,50,479,0,0,1,13,729,37,38,75,12,8,4,12,1
81,214,77,27,52,508,0,0,24,37,642,23,39,62,7,6,1,13,1
79,192,85,34,85,405,4,15,11,14,824,2,13,15,13,4,2,13,1
49,188,87,32,60,545,0,1,22,30,711,19,12,31,6,15,0,9,0
79,178,81,30,69,439,4,12,16,24,672,11,17,29,13,8,6,17,1
75,176,69,28,56,495,0,1,14,24,578,14,16,30,1,7,3,12,1
66,170,67,25,59,418,4,13,14,16,841,4,17,20,29,9,1,14,1
67,167,50,20,42,484,0,3,9,15,614,9,18,27,8,1,3,8,1
23,160,42,17,36,476,0,0,8,13,600,13,22,35,7,6,1,8,0
47,166,46,16,45,362,4,14,1,12,825,3,19,23,8,7,3,6,0
74,155,55,20,50,406,0,0,15,22,675,11,22,33,2,3,7,1,0
77,151,54,21,50,421,1,4,11,15,731,6,15,20,14,6,1,1,1
51,150,48,19,46,419,0,1,9,14,657,9,17,26,12,7,3,9,1
68,130,36,15,25,592,0,0,7,13,547,11,23,34,3,3,3,7,0
70,127,48,17,44,400,0,4,13,16,836,3,9,12,9,9,1,9,1
55,121,32,14,26,539,0,0,4,8,545,9,22,31,4,3,5,6,0
64,119,53,20,53,377,4,9,1,13,753,4,7,11,12,4,1,9,1
58,116,48,18,49,365,4,13,8,12,672,6,8,13,12,5,3,9,1
67,103,30,11,26,437,0,0,7,11,613,11,18,29,8,3,5,8,1
39,166,54,19,55,355,6,22,9,12,750,6,19,25,9,6,3,1,0
60,90,31,11,29,368,2,8,7,9,830,2,6,7,21,6,1,9,1
40,85,18,6,21,305,3,8,3,4,800,1,6,7,13,3,0,9,1
48,80,34,13,24,522,3,6,6,7,824,1,7,8,15,3,1,6,1
38,75,19,7,23,318,1,6,3,7,444,4,5,9,4,4,3,5,0
53,72,30,11,28,404,3,12,4,5,759,5,12,17,5,3,1,6,0
45,62,26,1,24,415,0,0,6,1,630,11,16,26,2,2,5,5,1
68,55,19,6,19,317,0,0,7,1,735,3,5,8,3,2,1,3,0
47,47,19,7,15,486,0,0,4,8,541,5,7,13,2,1,2,3,1
81,379,234,90,161,562,0,0,53,89,592,42,96,139,19,7,35,38,1
77,356,154,58,126,464,9,26,27,37,746,1,25,35,38,16,7,26,1
81,349,182,62,131,474,0,5,57,68,835,21,66,87,28,13,1,34,1
81,345,147,60,140,426,5,17,22,35,644,27,69,96,38,16,4,28,1
78,339,210,73,143,511,0,0,63,81,781,34,69,103,1,3,35,30,1
82,335,147,59,117,504,0,2,29,39,748,33,57,91,18,9,14,19,1
82,324,156,60,128,469,0,0,35,50,713,22,50,72,18,1,8,21,1
79,295,101,41,86,474,2,6,18,25,715,14,35,50,24,1,11,20,1
72,290,135,51,104,493,0,0,33,54,602,27,47,74,13,5,11,22,1
59,284,170,61,139,435,1,32,38,51,742,19,25,45,30,11,5,30,1
82,279,98,42,98,433,0,0,14,21,651,22,40,62,11,7,9,17,1
48,275,158,63,120,524,0,1,32,45,707,21,26,46,13,18,8,19,0
71,272,138,50,117,432,8,26,30,42,717,20,21,41,16,11,7,17,1
39,222,89,32,71,446,0,1,25,31,832,1,22,32,13,6,1,11,1
45,220,81,34,72,471,1,3,13,18,728,6,18,24,35,7,1,16,1
77,215,104,39,82,468,6,15,21,27,786,8,15,23,22,8,2,16,1
74,213,80,31,76,402,1,6,17,23,772,7,19,26,16,1,2,15,0
20,211,94,37,82,448,0,1,21,27,759,19,22,41,12,8,3,13,0
77,204,91,37,84,443,8,23,9,13,727,11,17,28,19,5,4,13,1
56,191,56,22,46,475,0,1,13,18,710,13,37,49,21,7,18,19,1
73,189,103,40,84,475,0,1,22,29,762,1,1,20,1,5,1,13,0
40,154,61,28,54,528,1,5,4,5,737,1,11,21,6,5,2,7,0
82,189,66,23,46,500,0,0,20,29,700,21,32,53,1,7,2,12,1
82,183,52,21,46,456,5,13,5,8,574,3,11,14,33,7,1,1,1
50,163,54,22,50,438,1,4,9,11,796,3,9,11,17,4,1,9,1
79,161,53,18,41,446,0,1,16,25,665,15,25,40,9,6,5,11,0
80,158,43,16,36,433,0,2,12,15,792,4,8,12,25,6,2,8,0
80,158,43,16,36,433,0,2,12,15,792,4,8,12,25,6,2,8,0
68,126,39,15,41,358,1,7,8,1,794,4,11,15,23,8,0,13,1
43,121,54,22,39,550,0,0,1,16,643,15,23,38,3,3,4,9,0
52,120,45,17,38,439,0,2,12,18,625,2,4,7,22,4,1,8,1
47,117,44,16,44,369,4,13,7,1,673,2,7,9,14,7,1,9,1
